"","Area","Item","1991","1992","1993","1994","1995","1996","1997","1998","1999","2000","2001","2002","2003","2004","2005","2006","2007","2008","2009","2010","2011","2012","2013","2014","2015"
"16977","India","Anise, badian, fennel, coriander",89749,154200,179637,108812,110000,133293,148759,160133,171816,166692,244943,162362,254737,227099,261170,268776,396517,397286,392379,419600,537277,537330,546173,584000,546000
"16980","India","Apples",1175005,1147743,1168252,1300000,1200000,1211379,1308390,1320590,1380000,1050000,1230000,1160000,1470000,1521600,1739000,1814000,1624000,2001000,1985000,1777200,2891000,2203400,1915000,2497680,2134000
"16983","India","Apricots",6200,6500,6800,7000,7300,7900,8100,8400,9400,9900,10000,10230,10549,10927,11344,11839,12294,12838,13228,13572,13850,14083,14079,14074,14161
"16986","India","Areca nuts",238500,243200,256300,271100,289700,295500,307700,333900,310000,330000,330000,4e+05,415900,439200,452700,483100,483300,476000,481300,478000,478000,681000,609000,622000,747000
"16989","India","Bananas",7853100,8523000,9945000,10686000,10182000,10299000,13340000,15100000,16810000,14137300,14209900,13304400,13856600,16744500,18887800,20997800,23823000,26217000,26469500,29780000,28455100,26509000,27575000,29724550,29221000
"16992","India","Barley",1632400,1698700,1512400,1312700,1283000,1510000,1462000,1679400,1537800,1447000,1430600,1424500,1407400,1297600,1207100,1220600,1330000,1200000,1689100,1354700,1662900,1620000,1750000,1830000,1613000
"16996","India","Bastfibres, other",286900,231400,230100,235600,235300,282600,190800,175392,200250,203364,223074,196992,180306,165834,157140,156618,172080,178200,131580,106400,115700,113000,108000,103325,96914
"16999","India","Beans, dry",3529000,3870400,3274700,3057400,3440000,3507800,2955800,2557600,2866000,2847000,3296200,2618800,4230800,2883900,2630800,3270000,3930000,3010000,2430000,4890000,4330000,3710000,3630000,4230000,4260000
"17003","India","Beans, green",374000,380000,385000,388000,390000,4e+05,405338,410000,416719,420000,432612,443095,454051,465345,504796,521481,537775,554344,570535,586130,600983,620000,620000,636127,647965
"17006","India","Berries nes",822,880,938,1003,1051,1100,1200,1200,1300,1370,1400,1469,1538,1582,1639,1697,1754,1812,1869,1927,1984,2042,2099,2157,2214
"17009","India","Cabbages and other brassicas",2796431,4357050,3590000,3910000,4262500,4615000,4967500,5320000,5620000,5909400,5506500,5678200,5392000,5594600,6113500,5637300,5584000,5910000,6869600,7281400,7949000,8412000,8534000,9039220,8585000
"17012","India","Carrots and turnips",287000,293000,295000,300331,3e+05,320000,340000,342968,350203,350000,367958,380028,392360,404756,419380,432526,445799,459133,472475,485780,499006,520000,520000,532110,543854
"17015","India","Cashew nuts, with shell",294590,305310,350000,350000,321640,417830,430000,360000,460000,520000,450000,470000,5e+05,535000,544000,573000,620000,665000,695000,613000,674600,725000,753000,753000,745000
"17018","India","Cassava",5416200,5832500,5412800,6028900,5856800,5443200,5662800,6681900,5830000,6014100,6768400,6515900,5426200,5949600,7462800,7854900,8232300,9056000,9623000,8059800,8076000,8746500,7236600,8139430,4373000
"17021","India","Castor oil seed",577000,623000,634800,845000,780000,902000,829000,840300,765100,882800,652700,428000,796700,793400,990700,762000,1053000,1171100,1009000,1350000,2295000,1964000,1727000,1870000,1752000
"17025","India","Cauliflowers and broccoli",2998061,4220053,2870000,3780000,4e+06,4500000,5e+06,4470000,4690000,4720000,4690000,4890000,4800000,4940200,4514800,5323100,5538000,5777000,6531900,6569000,6745000,7349000,7887000,8573280,7926000
"17028","India","Cherries",3700,3800,4000,4200,4400,4800,4900,5100,7400,7800,8000,8203,8449,8680,8896,9042,9222,9360,9467,9621,9770,9908,9970,10640,11048
"17031","India","Chick peas",5356400,4121000,4416700,4980800,6435500,4979000,5565900,6132200,6800700,5118100,3855400,5473000,4236800,5717500,5469400,5575400,6333700,5748600,7060000,7480000,8220000,7700000,8832500,9530000,7330000
"17035","India","Chillies and peppers, dry",617500,862100,800100,794700,810000,1066000,870100,1043200,1052800,983700,1069000,896900,1235700,1185500,1014600,1234100,1294150,1269850,1202940,1223400,1276301,1304000,1492000,1492000,1605000
"17038","India","Chillies and peppers, green",42230,43000,43500,44000,45500,47000,48000,49000,49417,50000,50500,51369,51678,52030,52413,51000,54885,57067,59468,61953,64344,68000,68000,68470,68069
"17041","India","Cocoa, beans",6000,6000,6000,6742,5772,6282,5697,5281,5198,6361,6540,6780,8397,9230,9250,10175,10180,10560,11820,12900,14400,13000,13000,15000,16000
"17044","India","Coconuts",7500000,8351000,8894000,9881900,9622667,9700000,8990000,8750000,8630000,8350000,8670000,8920000,8630000,8380000,8829000,10190000,10894000,10148300,10824300,10840000,10280000,10560000,11930000,11078873,11209641
"17047","India","Coffee, green",170000,180000,162000,208000,180000,223000,205000,228000,265000,292000,301000,301000,275275,270500,275500,274000,288000,262000,262300,289600,302000,314000,318200,304500,331000
"17049","India","Coir",374500,417600,444700,494100,481100,485000,472500,465700,454000,468000,450000,447000,531500,419000,441500,509500,545000,507000,541000,542000,514000,528000,596500,553945,560480
"17052","India","Cucumbers and gherkins",105690,109000,111000,113000,114000,115000,116000,117000,118000,119000,120000,122511,125174,128012,130995,141533,145942,150627,155270,159605,163571,168000,168000,170854,167602
"17055","India","Eggplants (aubergines)",3124000,2753000,5011000,4420000,6230000,6e+06,6100000,7740000,7880000,8120000,7700000,8350000,7830000,8477300,8600800,9364300,9453000,9678000,10377600,10563000,11896000,12634000,13444000,13557820,12589000
"17058","India","Figs",5000,5500,6000,6835,7700,8300,8500,8800,9900,10500,11018,11516,12004,12482,12681,12269,12876,12896,13092,13306,13517,13740,13850,14213,14480
"17061","India","Fruit, citrus nes",82697,80000,90000,95000,104000,112000,115000,120000,134000,120000,90000,1e+05,120000,120000,125000,384600,389900,453000,634200,781800,589000,967000,855000,745500,781500
"17064","India","Fruit, fresh nes",3105000,4350000,4240000,4320000,4600000,5e+06,5100000,8030000,6660000,5750000,6580000,6530000,6650000,4693000,5729400,6737100,6244400,7321000,7234000,7201000,7583000,8224000,9315000,9872000,9631218
"17067","India","Fruit, stone nes",825,882,940,1005,1054,1100,1200,1200,1300,1350,1400,1465,1529,1576,1632,1689,1748,1803,1862,1919,1975,2034,2090,2148,2205
"17070","India","Fruit, tropical fresh nes",2480000,2825000,2950000,3347000,3016320,3900000,3e+06,2500000,2910000,2780000,2770000,2720000,2930000,3230500,3114400,3242700,3451400,3657000,4001000,4401600,4383000,4474000,5273000,5997490,5861000
"17073","India","Garlic",370700,355800,306000,403200,475300,437900,484400,570700,495300,524600,496800,5e+05,457000,691100,646600,598200,776300,1068500,831100,833970,1057800,1228000,1259000,1252000,1425000
"17076","India","Ginger",183000,201600,186200,171200,171000,232500,252000,263000,263200,235000,230000,267303,280200,301900,359000,391200,393400,390080,380100,385330,702000,756000,683000,655000,760000
"17079","India","Grapefruit (inc. pomelos)",70000,75000,85000,90000,96500,105000,106000,110000,124000,130000,130000,140000,142000,145000,148000,158000,178000,2e+05,216000,260600,196000,322500,285300,248500,260500
"17082","India","Grapes",412530,653163,7e+05,7e+05,7e+05,8e+05,810000,970000,1083000,1130000,1060000,1184200,1247800,1474800,1564700,1649600,1685300,1735000,1878000,880700,1235000,2221000,2483000,2585340,2602000
"17085","India","Groundnuts, with shell",7094600,8565000,7830000,8062000,7579000,8643000,7370000,8981600,5258100,6480300,7027500,4121100,8126500,6774400,7993300,4863500,9182500,7168100,5428500,8265000,6964000,4695000,9472000,7402000,6771000
"17088","India","Hemp tow waste",NA,NA,NA,NA,NA,NA,NA,NA,NA,NA,NA,NA,NA,NA,NA,NA,NA,NA,NA,NA,NA,NA,NA,NA,NA
"17091","India","Jute",1608500,1349100,1324800,1439500,1381500,1793000,1793000,1590570,1695834,1677060,1905102,1853838,1845000,1692000,1795000,1857000,1840000,1734000,2021500,1799100,1960380,1912000,1944000,1968000,1789200
"17094","India","Lemons and limes",8e+05,7e+05,930000,923700,970100,920000,1048400,1101300,1259800,1491500,1377200,1413700,1439600,1493300,1033100,2159000,2310200,2501700,2571530,2629200,2108000,2272100,2523500,2835020,2950000
"17097","India","Lentils",851400,801700,790800,748000,783800,713700,962000,803900,937800,1078900,915200,974400,873200,1037800,994200,946200,910000,810000,953300,1031600,943800,1058700,1134000,1020000,1035000
"17101","India","Lettuce and chicory",731158,732000,735000,755000,760000,765000,767123,770000,780000,785000,790000,804252,820388,837901,856346,916552,942934,970529,997847,1023749,1047955,1075000,1080000,1096663,1085373
"17104","India","Linseed",332000,292000,278000,330000,322600,291900,308600,237400,264900,240800,203500,209100,176700,196500,169700,172500,167900,163000,169200,153700,147000,152000,147000,141730,155000
"17108","India","Maize",8064400,9992100,9601000,8884400,9534000,10769000,10816000,11147700,11509600,12043200,13160200,11151700,14984300,14172000,14709900,15097000,18955400,19731400,16719500,21725800,21760000,22260000,24259510,24170000,22570000
"17112","India","Mangoes, mangosteens, guavas",8752134,9223256,10110000,10990000,1.1e+07,10845995,1.1e+07,10230000,9781700,10503500,10056800,10020200,12733200,11490000,11829700,12663100,13734000,13997000,12750000,15026700,15188000,16196000,18002000,18431330,18527000
"17115","India","Melons, other (inc.cantaloupes)",633000,620000,625000,630000,635000,640000,646477,645869,648577,645000,657376,665209,673478,759003,792755,819937,848188,876470,904488,932084,959130,1e+06,1e+06,1033178,1018278
"17118","India","Millet",8128900,12280900,8488400,10299300,8661100,10940500,10376200,10234500,8689900,10077800,11235300,6493900,14638800,10841300,10509200,10346900,12673000,11371800,8776800,13293000,12660000,10750000,10910000,11420000,11630000
"17120","India","Mushrooms and truffles",4000,10000,12000,16000,18000,16000,9000,13500,14000,24000,30000,40000,40000,40000,40000,35000,37000,37000,37000,40600,40600,30000,17000,28000,33699
"17123","India","Nutmeg, mace and cardamoms",9520,9210,10870,10700,11700,12600,11700,9000,10700,14500,15200,15400,16700,16900,17800,17000,13650,15450,15720,15700,15816,18070,16565,21000,22000
"17126","India","Oilseeds nes",179500,162000,196000,190000,190000,151800,162200,164000,140000,110000,130000,86000,109000,112000,108000,121000,110000,117000,1e+05,108000,98000,102000,98000,76000,74000
"17129","India","Okra",2327000,2400000,2405000,3030000,3900000,3800000,3700000,3210000,3380000,3420000,3340000,3320000,3530000,3631400,3512400,3974600,4070000,4179000,4528000,4803000,5784000,6259000,6350000,6346370,5709000
"17132","India","Onions, dry",3584700,3490000,4010000,4040000,4080000,4180000,3200000,5331900,4899500,4721100,5252100,4209500,6267600,7760600,9432500,10847000,13900000,13565000,12158800,15118000,17511090,16813000,19299000,19401680,18927000
"17135","India","Oranges",1890000,1330000,1895000,1883200,1595200,2041300,2564000,2354200,2446800,2674700,2574700,2870500,1921900,3263200,3314000,3437400,4266900,4860300,5201350,5966400,4571000,4360400,6426200,7317610,7693000
"17138","India","Papayas",805300,803617,1266720,1373460,1329670,1299330,1618490,1582270,1666470,1796960,2590400,2147200,1692100,2535100,2139300,2482100,2909000,3629000,3913500,4196000,4457100,5382000,5544000,5639300,4913000
"17141","India","Peaches and nectarines",75000,80000,83000,85000,89000,95000,1e+05,101000,114000,120000,150000,159749,175407,190533,193687,204381,220108,227112,233510,244000,243000,250000,250000,260000,267396
"17144","India","Pears",115000,120000,130000,137923,140000,150000,153000,158000,178000,188000,2e+05,212831,226403,240097,254815,268085,284434,295285,305363,336000,335000,340000,325000,316700,303000
"17147","India","Peas, dry",604900,552200,549500,640300,666500,639200,721300,661100,705000,814800,563200,607600,591500,725200,785600,709900,598900,457700,658200,674700,593200,692400,825100,908200,1058300
"17151","India","Peas, green",2106000,2100000,2150000,2400000,2500000,2e+06,2200000,2420000,2700000,2710000,3010000,2040000,2061800,1901200,1944800,2270000,2402000,2491000,2916000,3029400,3517000,3744800,4006200,3868630,4652000
"17154","India","Pepper (piper spp.)",47950,52010,50760,51300,60700,61580,56000,57000,76000,59000,64000,62000,64000,73190,73020,92900,69000,47010,47400,51020,52000,41000,53000,51000,65000
"17157","India","Pigeon peas",2416800,2133000,2331000,2692000,2144000,2309000,2655800,1849700,2708100,2694000,2246500,2259800,2185800,2346400,2346900,2738000,2314100,3075900,2270000,2460000,2860000,2650000,3022700,3170000,2810000
"17161","India","Pineapples",768000,859000,1e+06,1010000,1060000,1200000,1250000,940000,1006000,1020000,1220000,1180000,1310000,1234200,1278900,1262600,1362000,1245000,1341000,1386800,1415000,1500000,1571000,1736740,1984000
"17162","India","Plantains and others",NA,NA,NA,NA,NA,NA,NA,NA,NA,NA,NA,NA,NA,NA,NA,NA,NA,NA,NA,NA,NA,NA,0,NA,NA
"17165","India","Plums and sloes",52000,54000,55000,56000,58000,62000,65000,66000,74000,78000,80000,90000,1e+05,140000,146332,160000,169723,180906,191404,2e+05,210000,215000,220000,225000,227556
"17167","India","Poppy seed",NA,NA,NA,NA,NA,NA,NA,NA,NA,NA,NA,NA,NA,NA,NA,NA,NA,NA,NA,NA,NA,NA,NA,NA,NA
"17170","India","Potatoes",15205600,18195000,18479000,17392400,17401300,18843300,24215900,17652300,22494700,25000100,22242700,24456100,23161400,27925800,28787700,29174600,28599600,34658000,34390900,36577300,42339400,41483000,45343600,46395000,48009000
"17174","India","Pulses, nes",1506500,535100,1003500,1186500,1433000,1068000,1257000,1e+06,1120000,1160000,1300000,1e+06,618900,834500,649200,759300,7e+05,670000,7e+05,7e+05,7e+05,960000,1092000,1155000,988200
"17178","India","Pumpkins, squash and gourds",2933000,2950000,3100000,3075424,3150000,3200000,3300000,3350000,3400000,3450000,3500000,3602639,3699226,3797955,3898142,4136927,4260782,4390005,4518403,4640680,4756401,4900000,4900000,4988290,5028594
"17181","India","Rapeseed",5229300,5862500,4800000,5327900,5758000,5999500,6657900,4702900,5663900,5788400,4187200,5082600,3879800,6291400,7593100,8131200,7438000,5834000,7200700,6608100,8179000,6600000,7820000,7877000,6282000
"17185","India","Rice, paddy",112042000,109001200,120400000,122640000,115440000,122500000,123700000,129055000,134495904,127464896,139900000,107730304,132789000,124697104,137690096,139136992,144570000,148036000,135672992,143963008,157900000,157800000,159200000,157200000,156540000
"17189","India","Rubber, natural",329600,366700,367000,394000,472000,507000,550000,605000,622000,630000,631000,649435,711650,749665,802625,852895,825345,864500,831400,862000,8e+05,9e+05,9e+05,940000,950721
"17192","India","Safflower seed",320100,202800,348300,522000,423000,383300,432300,120000,242200,260400,202000,230000,178500,134900,173600,228600,240000,225000,189200,178800,150000,145000,109000,113000,90000
"17196","India","Seed cotton",5161000,6058000,5706000,6316000,6832000,7560000,5765000,6528000,6125000,5128000,5311000,4582000,7294000,8728000,9828000,12023000,13751000,11834000,12761000,17760000,19178000,18179000,18913000,18488000,16016000
"17199","India","Sesame seed",705900,760000,564000,590000,531000,640500,568100,527300,479900,517800,697800,441300,782100,674100,641100,618000,756900,640300,588400,893000,810000,685000,715000,828000,850000
"17203","India","Sorghum",8099000,12806000,11415000,8965000,9327000,10934000,7528000,8415400,8684900,7529400,7556800,7070000,7012400,6681300,7244300,7629600,7150800,7925900,7245600,6698200,7003100,5980000,5280000,5540000,5450000
"17207","India","Soybeans",2492000,3390000,4745200,3931900,5096000,5400000,6463100,7143000,7081400,5275800,5962700,4654700,7818900,6876300,8273500,8857000,10968000,9905400,9964500,12736000,12214000,14666000,11861000,10374000,8570000
"17211","India","Spices, nes",531700,591900,911100,815000,659000,785000,795000,890300,907800,945600,882200,738800,954700,966100,1075100,1020000,1104000,1063000,1029700,1474900,1699790,1496990,1500488,1504000,1292000
"17214","India","Sugar cane",241045504,2.54e+08,228030000,229670000,275540000,281100000,277560000,279541504,310332800,299323904,295956000,297207808,287383200,233861792,237088400,281171808,355519712,348187904,285029312,292301600,342382016,361036992,341200000,352142000,362333000
"17218","India","Sunflower seed",1194000,1182000,1350000,1220000,1260000,1250000,890000,943800,693600,646400,679500,872600,930400,1186700,1439000,1228000,1463000,1158000,850700,651000,517000,544000,504000,434000,296000
"17222","India","Sweet potatoes",1273500,1130700,1215500,1220600,1166100,1138100,1102200,1048100,1152400,1110600,1007400,1130300,1130300,1179100,1179400,1066500,1067200,1094000,1119700,1094700,1046600,1072800,1132400,1087880,1228000
"17225","India","Tea",720300,754200,703900,753000,753900,756000,780000,810000,874000,826000,847000,854000,846000,879000,907000,949000,973000,987000,972700,991182,1095460,1135070,1208780,1207310,1233140
"17228","India","Tobacco, unmanufactured",555900,584400,596500,562900,566700,535200,618000,646000,736200,520000,340000,550000,490000,549900,549100,552200,520000,490000,622830,690000,830000,820000,776339,720732,746756
"17231","India","Tomatoes",4244366,4849568,5e+06,4930000,5260000,6e+06,7e+06,6180000,8270000,7430000,7240000,7462300,7616700,8125600,8825400,9820400,10055000,10303000,11148800,12433200,16526000,18653000,18227000,18735910,16385000
"17234","India","Vegetables, fresh nes",23100000,20600000,22100000,21600000,20190000,2e+07,22920561,22600000,27030000,28630000,35340000,27180000,34740000,19172700,22123700,27480800,29146000,31402000,28006300,31724000,27557000,30459000,33213000,36838000,34271608
"17237","India","Walnuts, with shell",18000,23500,22000,28000,25000,29000,24000,30000,28000,31000,29000,30000,31000,34000,32000,36000,33000,37000,36000,38000,36000,40000,36000,43000,35000
"17240","India","Watermelons",205900,208000,210000,215000,220000,225000,250000,248526,255509,255000,271511,281805,292215,302616,314257,325136,336129,347219,358395,369654,380988,4e+05,4e+05,411937,422048
"17243","India","Wheat",55134496,55689504,57210100,59840000,65767400,62097400,69350200,66345000,71287504,76368896,69680896,72766304,65760800,72156200,68636896,69354496,75806704,78570200,80679400,80803600,86874000,94880000,93510000,95850000,86530000
"17250","India","Cereals,Total",193101196,201468404,208626900,211941400,210012500,218750900,223232400,226877000,236205608,234931192,242963796,206636708,236592700,229845504,239997492,242785588,260485904,266835300,250783392,267838308,287860000,293290000,294909510,296010000,284333000
"17254","India","Citrus Fruit,Total",2842697,2185000,3e+06,2991900,2765800,3178300,3833400,3685500,3964600,4416200,4171900,4524200,3623500,5021500,4620100,6139000,7145000,8015000,8623080,9638000,7464000,7922000,10090000,11146630,11685000
"17257","India","Coarse Grain, Total",25924700,36777700,31016800,29461400,28805100,34153500,30182200,31477000,30422200,31097400,33382900,26140100,38042900,32992200,33670500,34294100,40109200,40229100,34431000,43071700,43086000,40610000,42199510,42960000,41263000
"17260","India","Fibre Crops Primary",1895400,1580500,1554900,1675100,1616800,2075600,1983800,1765962,1896084,1880424,2128176,2050830,2025306,1857834,1952140,2013618,2012080,1912200,2153080,1905500,2076080,2025000,2052000,2071325,1886114
"17263","India","Fruit excl Melons,Total",28452313,30841341,34666651,37017325,36162295,38064204,41602180,44708060,45657070,43000880,44350818,43265663,46049080,48551077,51534327,57657002,62690259,68559012,68964875,75108344,73900297,75478206,82605088,88475992,87400279
"17266","India","Jute & Jute-like Fibres",1895400,1580500,1554900,1675100,1616800,2075600,1983800,1765962,1896084,1880424,2128176,2050830,2025306,1857834,1952140,2013618,2012080,1912200,2153080,1905500,2076080,2025000,2052000,2071325,1886114
"17268","India","Oilcakes Equivalent",9841920,11470444,11749937,11682113,12577211,13356651,13892507,13613789,12655338,11721078,11595611,9969809,13408616,13629311,16120069,15756713,18884996,16046861,16106854,19069875,18927180,19028380,19437560,17453070,14780621
"17271","India","Oilcrops Primary",6845036,7775480,7511301,7882691,8004857,8536285,8321818,8028929,7142522,7228044,6920426,6063374,7635043,7993546,9334866,8718571,10493912,8859050,8726424,10031933,10343760,9366920,10822970,9915369,8713923
"17275","India","Pulses,Total",14265000,12013400,12366200,13305000,14902800,13216700,14117800,13004500,15137600,13712800,12176500,12933600,12737000,13545300,12876100,13998800,14786700,13772200,14071500,17236300,17647000,16771100,18536300,20013200,17481500
"17279","India","Roots and Tubers,Total",21895300,25158200,25107300,24641900,24424200,25424600,30980900,25382300,29477100,32124800,30018500,32102300,29717900,35054500,37429900,38096000,37899100,44808000,45133600,45731800,51462000,51302300,53712600,55622310,53610000
"17283","India","Treenuts,Total",312590,328810,372000,378000,346640,446830,454000,390000,488000,551000,479000,5e+05,531000,569000,576000,609000,653000,702000,731000,651000,710600,765000,789000,796000,780000
"17286","India","Vegetables Primary",49967236,50470471,52958500,54049955,56530300,57260900,61454399,63789463,70997225,72283100,78795357,70020909,79243670,67082317,72723583,82695792,88533735,92215894,91441982,100655206,107055867,114332800,120992200,126578539,119485091
"17289","India","Vegetables&Melons, Total",49967236,50470471,52958500,54049955,56530300,57260900,61454399,63789463,70997225,72283100,78795357,70020909,79243670,67082317,72723583,82695792,88533735,92215894,91441982,100655206,107055867,114332800,120992200,126578539,119485091
"28291","Philippines","Agave fibres nes",3943,3944,3935,2780,3800,4000,3979,3991,4000,4006,4009,4010,4009,4006,4003,3998,3994,3989,3985,3982,3980,4000,4000,4000,3994
"28294","Philippines","Asparagus",2351,4269,5875,9821,10842,11761,11017,6254,6332,6429,8577,12566,15210,22367,25231,21938,14845,11891,7121,4637,3443,4106,3213,2939,2742
"28297","Philippines","Avocados",46123,46936,47105,47001,47023,46303,43700,37548,38820,38086,37404,37957,35125,30797,27755,25617,24975,24180,22763,22029,20993,20909,20397,20061,19995
"28300","Philippines","Bananas",3662305,3723887,3809372,3916386,4236253,4229142,4407665,4106698,4570640,4929570,5059360,5274826,5368977,5631250,6298225,6794564,7484073,8687624,9013186,9101341,9165046,9226768,8646417,5707074,5840124
"28303","Philippines","Beans, dry",25118,23228,23422,24218,26651,26792,27468,28457,29198,27465,27757,27351,25985,26472,26748,25952,29067,29617,27694,27055,32960,32366,32422,32144,33623
"28307","Philippines","Beans, green",9878,10551,11003,11309,11289,12361,12440,11900,12139,11757,11603,11847,11549,11856,12049,13493,15922,16987,16187,15820,15426,15328,15423,15305,14745
"28310","Philippines","Cabbages and other brassicas",170941,150784,155095,151340,129989,98072,95859,85842,87472,87576,89542,91368,91982,92782,91439,91243,123443,128865,124712,128964,125310,126381,127463,127986,125752
"28313","Philippines","Carrots and turnips",42085,37581,36784,34902,37256,39015,38423,37015,38877,40180,39643,40658,41036,42638,41945,42032,71458,74855,74808,78351,73504,74965,75294,75700,74367
"28316","Philippines","Cashew nuts, with shell",98283,99112,98509,123748,153567,61596,173241,168559,111170,111019,111153,111223,111291,116910,116533,113071,112558,112334,111993,134681,133388,132541,146289,170853,205531
"28319","Philippines","Cassava",1814880,1783733,1843055,1890509,1905903,1910775,1958004,1733821,1890315,1765712,1652036,1625739,1622242,1640520,1677564,1756856,1871138,1941574,2043719,2101454,2209684,2223182,2361561,2540254,2710919
"28322","Philippines","Castor oil seed",6368,7000,7000,4000,4000,4000,3700,3400,3100,2800,2500,2200,1900,1600,1300,1000,700,100,84,77,57,49,47,44,43
"28325","Philippines","Cauliflowers and broccoli",4125,7207,6650,7025,8428,12376,13331,13437,13615,13751,13905,13918,13993,13764,12713,12753,12518,13361,13244,13801,14464,14630,14808,14803,14776
"28328","Philippines","Chicory roots",1672,1616,1759,1781,1774,1821,1794,1597,1439,1421,1475,1495,1579,1721,3386,3348,3335,3566,3750,3860,4031,4244,4405,4565,4725
"28331","Philippines","Chillies and peppers, green",12129,13541,15662,14453,16528,17270,17253,15646,15150,15753,15983,16790,16913,17493,17138,17974,19143,20328,20324,20853,21003,20977,21462,21834,22019
"28334","Philippines","Cocoa, beans",9584,7537,7707,7945,7927,7895,7844,7387,7667,6628,6531,5803,5693,5648,5679,5415,5237,5149,5134,5019,4856,4831,4876,5428,6023
"28337","Philippines","Coconuts",11292500,11580400,11669480,11837160,12790840,11936720,13707837,12806429,11589010,12994654,13146052,14068495,14294203,14366184,14824585,14957910,14852927,15319527,15667565,15510283,15244609,15863801,15354334,14696298,14735189
"28341","Philippines","Coffee, green",125017,126832,124415,123553,127412,117226,120006,107802,104124,107557,112271,107080,106388,102865,105847,104093,97877,97428,96433,94536,88526,88943,78634,75454,72342
"28344","Philippines","Cow peas, dry",308,339,347,365,402,373,405,318,307,320,321,323,812,834,860,906,958,999,966,912,903,903,1204,1136,651
"28348","Philippines","Cucumbers and gherkins",6108,6767,6249,6941,6806,8764,8488,9125,9292,8845,8618,8995,9127,9540,9226,9719,10873,11432,11845,11432,11640,11792,12540,12802,12905
"28351","Philippines","Eggplants (aubergines)",104040,110451,111672,123471,130702,157603,195032,163833,159744,166146,169819,179659,176991,182753,187793,191911,210156,199579,200942,208242,207994,211885,219911,225579,232864
"28354","Philippines","Fibre crops nes",1255,1289,1300,1400,1500,1550,1700,1666,1689,1705,1715,1722,1602,1592,1379,1418,1466,1524,1595,1600,1849,1900,1900,1900,1897
"28357","Philippines","Fruit, citrus nes",148996,158252,151650,155805,161454,164996,155479,169387,178005,180844,181747,180999,180923,179020,200808,196595,201619,199675,192187,188340,182550,178549,164091,160740,162676
"28360","Philippines","Fruit, fresh nes",178000,176500,178000,179000,160500,213000,156600,150000,145000,140000,165000,177472,186956,167000,166000,184164,207394,235863,229373,290951,210499,247014,242065,241901,249013
"28363","Philippines","Fruit, tropical fresh nes",3385000,3356000,3367000,3402000,3045000,4056000,2966000,2846000,2935000,2900000,3100000,3189372,3229604,3194226,3184003,3e+06,3187571,3200000,3300000,3225476,3300000,3300000,3300000,3300000,3231058
"28366","Philippines","Garlic",12425,11766,12310,15728,17227,18591,20180,12757,9335,13688,15364,16257,15529,14999,13234,12581,11285,11348,10451,9563,9056,8808,8986,8993,10420
"28369","Philippines","Ginger",21346,21025,20424,21358,22704,24011,21715,17973,20793,22679,23424,23022,22616,24063,24700,27261,27946,27538,27415,27097,27755,27677,28216,27197,26623
"28372","Philippines","Grapefruit (inc. pomelos)",26513,23833,23915,22982,22831,48799,49763,46868,48052,46326,43413,45291,43159,41481,40751,38662,38345,36686,34467,33472,30604,30506,29973,29994,30137
"28375","Philippines","Grapes",385,367,383,376,364,360,355,345,235,210,174,181,130,130,129,116,99,151,147,152,162,169,172,171,210
"28378","Philippines","Groundnuts, with shell",31377,34010,34030,36574,36200,33497,25836,24718,25948,26827,26151,26246,26125,27087,28437,29151,31205,30247,30978,29624,29734,29136,29091,29196,29195
"28382","Philippines","Leeks, other alliaceous vegetables",NA,NA,7945,10125,11582,12285,13393,11732,10454,16300,13319,13156,12518,13449,12333,12752,12604,12840,12911,10643,10293,10037,9370,9093,8663
"28385","Philippines","Lemons and limes",1503,1582,1534,1610,1616,1694,1729,2366,2486,2099,2107,2100,1922,1953,2151,2252,2455,2076,1704,1403,1191,1085,1038,1000,965
"28388","Philippines","Lettuce and chicory",1672,1616,1759,1781,1774,1821,1794,1597,1439,1421,1475,1495,1579,1721,3386,3348,3335,3566,3577,3634,3519,3647,4041,4061,3810
"28391","Philippines","Maize",4655026,4618854,4797977,4519246,4128510,4151332,4332417,3823184,4584593,4511104,4525012,4319262,4615625,5413386,5253160,6082109,6736940,6928225,7034033,6376796,6971221,7407068,7377293,7770603,7518756
"28395","Philippines","Mangoes, mangosteens, guavas",498440,538068,563001,641006,715224,805972,1010596,1015109,887204,868569,901893,976857,1026949,986613,1003273,936370,1040966,897199,785510,843508,800551,783420,831224,899014,917005
"28398","Philippines","Manila fibre (abaca)",63991,62684,59517,66410,64833,70431,67110,71217,73125,77180,72861,63028,69765,74465,74014,69802,66437,68386,65825,66512,68612,68510,64952,68053,68856
"28401","Philippines","Melons, other (inc.cantaloupes)",4423,5290,9315,11020,7426,7991,9534,8598,7208,6349,6139,6712,7303,9695,11006,11433,11803,9889,8993,10852,9818,9406,8763,8925,7900
"28402","Philippines","Mushrooms and truffles",734,741,719,792,787,726,718,568,563,568,577,571,569,544,508,551,501,564,557,526,571,509,463,485,556
"28405","Philippines","Nuts, nes",2480,2441,2269,2280,2229,2391,2585,3225,2905,3946,3392,4391,4794,4939,5402,5116,5309,5853,6122,6637,7104,7933,8243,7316,7393
"28408","Philippines","Oil, palm fruit",185000,193000,195000,194000,189000,186000,186000,186000,199000,245000,288000,337975,355111,355874,354811,373435,414162,465995,516115,565460,540914,531294,473416,437439,432496
"28411","Philippines","Oilseeds nes",7818,8000,8200,8500,8463,9000,8637,8000,9000,9056,9226,9393,9657,9735,9891,10102,10238,10373,10510,10648,11000,11000,11000,11000,11294
"28414","Philippines","Okra",23801,25267,25465,28410,28886,30355,31009,24007,25174,25452,25160,25254,22992,24913,25958,26709,27886,29485,29710,29716,29129,29774,30122,30274,30638
"28417","Philippines","Onions, dry",60345,56708,61464,73635,88427,83322,85383,86978,84967,84216,82606,96358,93842,86741,82019,75978,146108,128923,127055,135377,128387,124890,134239,203651,181208
"28420","Philippines","Onions, shallots, green",6958,6728,5000,3000,2451,2000,1000,0,0,0,0,9,1,1,1,1,1,1,1,1,1,1,1,1,1
"28423","Philippines","Oranges",9338,8884,8366,8258,8270,8705,9266,8531,8188,8021,8243,7804,7432,6293,5794,5234,5148,4870,4663,4337,3984,3827,3513,3325,3219
"28426","Philippines","Papayas",92764,93968,97537,104250,108409,113974,110112,107096,112862,121304,127787,127680,130764,133876,146628,157120,164234,182907,176656,165981,157907,164913,166336,172628,172650
"28429","Philippines","Peas, dry",NA,NA,NA,NA,NA,NA,NA,NA,NA,NA,NA,NA,NA,16,16,1,1,1,1,1,1,0,0,0,0
"28432","Philippines","Peas, green",26000,27000,28000,29000,30000,27592,25000,28000,29200,27500,27757,27350,25984,7193,7478,7540,8000,7801,7689,7323,6864,6139,6267,5884,5498
"28435","Philippines","Pepper (piper spp.)",4136,4430,4349,2808,2664,4899,4581,4467,4537,4541,4720,4693,4587,4547,4418,3678,3270,3426,3432,3348,3369,3248,2716,2563,1847
"28438","Philippines","Pigeon peas",689,816,793,771,729,825,842,881,933,947,938,930,958,956,1039,1261,772,953,701,851,927,846,858,871,847
"28441","Philippines","Pineapples",1345599,1516685,1571811,1612327,1646268,1635744,1616113,1575145,1565878,1559563,1617906,1639161,1697952,1759813,1788218,1833908,2016462,2209336,2198497,2169233,2246806,2397745,2458528,2507098,2582699
"28444","Philippines","Plantains and others",3135527,3136339,3137150,3137962,3138774,3139586,3140397,3141209,3142021,3142833,3143644,3144456,3145268,3146080,3146891,3147703,3148515,3149327,3150138,3150950,3151762,3160006,3178357,3177784,3243805
"28447","Philippines","Potatoes",149537,155611,140998,147425,85302,84946,88907,64863,63584,63524,66016,67540,68050,69456,70160,69461,118497,121311,119159,124671,120574,119570,117722,119140,118479
"28451","Philippines","Pulses, nes",35000,34700,35700,35900,37000,35200,30500,29500,29000,28500,28000,27698,27691,27608,27122,27500,28000,30000,31000,31417,32000,33500,33500,33460,25815
"28454","Philippines","Pumpkins, squash and gourds",164740,166599,153081,151051,147559,156136,160815,144584,148916,143136,148412,151599,408485,397015,392961,371127,365698,356872,350546,342299,317571,315222,311987,305424,300645
"28457","Philippines","Ramie",2012,762,153,152,85,12,10,13,9,5,0,111,213,310,179,98,148,107,108,92,77,47,0,0,0
"28460","Philippines","Rice, paddy",9673262,9128940,9434208,10538054,10540649,11283568,11268963,8554824,11786625,12389412,12954870,13270653,13499884,14496784,14603005,15326706,16240194,16815548,16266417,15772319,16684062,18032525,18439420,18967826,18149838
"28464","Philippines","Roots and tubers, nes",16725,17112,16888,17122,17486,17839,17056,14795,16154,16140,16339,16429,14016,16580,16496,16435,16255,16564,16677,15480,15290,14904,13506,14221,14812
"28468","Philippines","Rubber, natural",180705,172518,174660,178829,181619,192697,221309,222750,214575,216309,264042,267712,273979,311294,315636,351556,404072,411044,390962,395237,425705,442998,444818,453052,398137
"28471","Philippines","Seed cotton",15514,37774,19214,7203,8093,6507,4273,3390,3151,1114,2489,4541,2231,4297,5157,2640,1360,738,127,35,51,77,55,11,6
"28474","Philippines","Sorghum",3959,2833,3604,4960,4003,5098,3232,7306,1113,643,417,154,181,183,183,87,170,239,251,254,365,884,727,693,653
"28477","Philippines","Soybeans",2284,1809,2133,2361,2983,1818,1615,1048,1041,953,897,991,974,978,988,1050,676,1015,842,812,684,567,807,695,545
"28481","Philippines","Spinach",337,502,517,517,511,518,552,533,570,550,548,552,536,532,569,522,383,517,535,506,524,562,590,678,689
"28484","Philippines","Strawberries",2700,2547,2547,2389,2423,1440,1280,1098,1143,1116,1138,1150,601,595,590,561,484,657,654,611,605,613,672,781,786
"28487","Philippines","String beans",21362,21583,22510,24313,24571,26598,25709,23903,26617,26172,26490,27938,124642,115774,116503,112871,116928,119934,119511,118454,116302,117277,119536,117544,118660
"28490","Philippines","Sugar cane",21824490,21005573,22915065,24695188,17774401,23142220,22273095,17333372,23777828,21223438,21708722,21417288,23978373,25579214,22917674,24345106,22235297,26601384,22932819,17929269,28376518,26395915,24584841,25029880,22926437
"28494","Philippines","Sweet potatoes",634556,648141,659136,667807,667946,654231,631405,554680,557386,554003,545408,549392,546971,545147,574629,566773,573734,572655,560516,541265,516338,516907,528250,519855,535996
"28497","Philippines","Tangerines, mandarins, clementines, satsumas",22419,20878,20279,20480,20657,27114,27192,23997,24378,19084,19626,20423,20266,19898,20360,24880,25281,22743,20376,18783,17697,16755,15287,14045,14064
"28500","Philippines","Taro (cocoyam)",106646,109211,106061,101480,104931,154448,153076,114342,97317,95932,96861,101155,100705,102274,109700,111942,113954,115956,115218,110761,110718,111561,112262,110365,111988
"28504","Philippines","Tobacco, unmanufactured",85182,117899,104786,56900,63705,64964,65396,62190,51692,49529,48173,50174,52903,48308,45093,38368,34289,32466,36383,40530,44944,48075,53753,61418,56193
"28507","Philippines","Tomatoes",177227,165423,138486,150632,155823,162644,166353,132984,145362,148101,146031,149259,150055,172344,173740,175596,188761,195810,198948,204272,203582,203593,207668,214573,214774
"28510","Philippines","Vegetables, fresh nes",3580000,3670000,3750000,3800000,3700000,4200000,3700000,3900000,4020000,4100000,4200000,4300000,4175181,3800000,4095847,4e+06,4281922,4391076,4500802,4614625,4800000,5e+06,5e+06,4946694,4991255
"28513","Philippines","Watermelons",103626,106283,101545,89433,82435,71599,66995,72173,63297,59382,58284,78935,92498,107057,115075,117254,125863,103248,97106,110238,101524,105095,130005,131530,148030
"28516","Philippines","Yams",26093,25662,27396,27098,26176,26391,26237,24199,25000,25611,24287,26238,27884,28526,29256,30074,29265,24185,22567,21892,17844,16429,14770,15245,13798
"28523","Philippines","Cereals,Total",14332247,13750627,14235789,15062260,14673162,15439998,15604612,12385314,16372331,16901159,17480299,17590069,18115690,19910353,19856348,21408902,22977304,23744012,23300701,22149369,23655648,25440478,25817441,26739122,25669246
"28527","Philippines","Citrus Fruit,Total",208769,213429,205744,209135,214828,251308,243429,251149,261109,256374,255136,256617,253702,248645,269864,267623,272848,266050,253397,246335,236026,230722,213902,209104,211061
"28530","Philippines","Coarse Grain, Total",4658985,4621687,4801581,4524206,4132513,4156430,4335649,3830490,4585706,4511747,4525429,4319416,4615806,5413569,5253343,6082196,6737110,6928464,7034284,6377050,6971586,7407952,7378021,7771296,7519408
"28533","Philippines","Fibre Crops Primary",71201,68680,64905,70742,70218,75993,72799,76887,78823,82896,78585,68872,75589,80374,79575,75317,72045,74006,71512,72186,74517,74457,70852,73953,74746
"28536","Philippines","Fruit excl Melons,Total",12555612,12804726,12979650,13251833,13315066,14492830,13696247,13231396,13659912,13957625,14409443,14825730,15076029,15299025,16031576,16347746,17547621,18853294,19130321,19216567,19290357,19532279,19058070,16235617,16468406
"28538","Philippines","Oilcakes Equivalent",921818,945585,953095,967836,1044458,974503,1112902,1039535,943203,1055953,1067866,1141871,1160027,1166202,1203488,1214601,1206769,1244082,1272148,1259110,1238008,1287224,1246639,1193947,1197116
"28541","Philippines","Oilcrops Primary",1482742,1521181,1532885,1554378,1678345,1566450,1794131,1676200,1518483,1701362,1720761,1840654,1869916,1879467,1939392,1956893,1943715,2003947,2049415,2028595,1994165,2074457,2008255,1922720,1927837
"28545","Philippines","Pulses,Total",61115,59083,60262,61255,64782,63190,59214,59156,59437,57232,57016,56302,55446,55886,55785,55620,58798,61570,60362,60236,66791,67615,67984,67612,60936
"28549","Philippines","Roots and Tubers,Total",2748437,2739469,2793535,2851441,2807744,2848630,2874686,2506700,2649756,2520922,2400947,2386493,2379868,2402503,2477805,2551541,2722843,2792245,2877856,2915523,2990448,3002552,3148071,3319081,3505991
"28553","Philippines","Treenuts,Total",100763,101553,100778,126028,155796,63987,175826,171784,114075,114965,114545,115614,116085,121849,121935,118187,117867,118187,118115,141318,140492,140474,154532,178169,212924
"28556","Philippines","Vegetables Primary",4535307,4606655,4667106,4748699,4651301,5159400,4700278,4791465,4915723,5003272,5109852,5271246,5508516,5145172,5448153,5329327,5779436,5849172,5937575,6080130,6209925,6415025,6462152,6484759,6522917
"28559","Philippines","Vegetables&Melons, Total",4535307,4606655,4667106,4748699,4651301,5159400,4700278,4791465,4915723,5003272,5109852,5271246,5508516,5145172,5448153,5329327,5779436,5849172,5937575,6080130,6209925,6415025,6462152,6484759,6522917
"30625","Rwanda","Avocados",NA,NA,NA,NA,NA,NA,NA,10000,22718,25187,15000,20000,30000,40000,50000,60000,70000,79291,141130,104594,106930,145000,120645,206785,125506
"30628","Rwanda","Bananas",3092900,3547200,2136000,1489000,2002000,2105000,2248419,2625485,2897433,2212250,1784058,2784870,2407837,2469740,2593080,2653348,2686000,2604000,2993482,2749152,3036273,3219465,3291853,2887440,2980546
"30631","Rwanda","Barley",0,0,NA,NA,NA,NA,NA,NA,NA,NA,NA,NA,NA,NA,NA,NA,NA,NA,NA,NA,NA,NA,NA,NA,NA
"30635","Rwanda","Beans, dry",205000,180000,137000,34800,126000,174347,133715,153917,140426,215347,242157,246906,239394,198224,199648,283387,329000,308000,326532,327497,331166,432857,438236,415259,434077
"30639","Rwanda","Beans, green",NA,NA,NA,NA,NA,NA,NA,NA,NA,NA,NA,NA,NA,NA,NA,NA,NA,2319,4626,5561,8050,5842,6562,7282,8002
"30642","Rwanda","Cabbages and other brassicas",NA,NA,NA,NA,NA,NA,NA,NA,NA,5000,8000,10000,20000,30000,40000,50000,60000,70828,127944,115605,113386,120000,97036,83991,71421
"30645","Rwanda","Carrots and turnips",NA,NA,NA,NA,NA,NA,NA,NA,NA,500,1000,2000,3000,4000,5000,6000,7000,7889,20555,16463,16462,18500,15955,15106,14270
"30648","Rwanda","Cassava",396000,261000,291000,212000,148000,220638,202994,188182,316934,820992,788910,1031077,1003078,765748,781639,765198,779414,1681823,2019741,2377213,2579000,2716421,2948121,3165172,3356232
"30651","Rwanda","Chillies and peppers, green",NA,NA,NA,NA,NA,NA,NA,NA,NA,NA,NA,NA,NA,NA,NA,NA,NA,2600,3902,4319,4577,5000,4685,4645,4584
"30654","Rwanda","Coffee, green",35000,38824,27510,1274,21952,15285,14830,14268,18800,16098,18366,19427,13805,20017,18597,22223,14683,20724,19372,19319,21820,19995,18346,16379,21808
"30657","Rwanda","Eggplants (aubergines)",NA,NA,NA,NA,NA,NA,NA,NA,NA,5000,6000,8000,10000,15000,20000,25000,30000,30059,64291,60000,54632,75000,58870,53577,48248
"30660","Rwanda","Fruit, fresh nes",58900,61000,62000,55000,56511,57389,58000,59120,59000,60000,61220,62000,62716,63216,63000,64324,64000,65000,67780,70139,72653,80000,77558,74013,75044
"30663","Rwanda","Fruit, tropical fresh nes",2000,3000,4000,5000,6000,7000,8000,9000,10000,11000,12000,13000,14328,15000,15705,16000,17546,18638,19598,20558,21518,22479,23439,24399,25360
"30666","Rwanda","Groundnuts, with shell",7000,6000,8000,16200,8300,7220,5049,4882,4706,7032,9635,10414,10275,10785,10099,9020,9921,11472,15353,14369,14756,11638,14414,10181,11148
"30670","Rwanda","Leeks, other alliaceous vegetables",NA,NA,NA,NA,NA,NA,NA,NA,NA,500,700,800,1000,1200,1400,1600,1700,1822,403,1729,2500,2700,2493,2431,2499
"30673","Rwanda","Lemons and limes",NA,NA,NA,NA,NA,NA,NA,NA,NA,500,700,900,1100,1200,1400,1600,1800,2154,9081,10000,10272,12000,12800,14770,14872
"30676","Rwanda","Maize",104000,98000,87000,67000,56000,66595,83427,58618,54912,62501,80979,91686,78886,88209,97251,96662,101659,166853,286946,432404,525679,573038,667833,583096,370140
"30680","Rwanda","Mangoes, mangosteens, guavas",NA,NA,NA,NA,NA,NA,NA,NA,NA,3000,3500,4000,4500,5000,5500,6000,6500,6565,15253,16600,14410,13839,13268,12726,12189
"30683","Rwanda","Millet",503,405,430,610,828,1371,2000,3000,4000,4000,3949,4000,4000,4000,4000,4000,4011,4196,4187,4229,4271,4313,4356,4398,4440
"30687","Rwanda","Onions, dry",NA,NA,NA,NA,NA,NA,NA,NA,NA,1000,2000,3000,4000,5000,6000,7000,8000,8331,11484,11731,12500,13000,13429,13877,14284
"30690","Rwanda","Oranges",NA,NA,NA,NA,NA,NA,NA,NA,NA,NA,NA,NA,NA,NA,1000,1200,1400,1582,4722,5000,5158,5600,6059,7524,7363
"30693","Rwanda","Papayas",NA,NA,NA,NA,NA,NA,NA,NA,NA,1000,1500,2000,3000,4000,5000,6000,7000,7653,5828,5862,5868,6000,5413,5004,4583
"30696","Rwanda","Peas, dry",11000,11000,500,1200,3000,4350,10678,8563,8115,15342,16293,16027,17697,16759,18854,17643,19656,21689,33800,37999,33909,26555,27878,20276,16959
"30700","Rwanda","Pepper (piper spp.)",NA,NA,NA,NA,NA,NA,NA,NA,NA,1000,1200,1400,1600,1800,2000,2200,2400,2600,446,2500,2750,2800,2506,2533,2565
"30703","Rwanda","Pineapples",NA,NA,NA,NA,NA,NA,NA,NA,NA,8000,10000,12000,13000,14000,15000,16000,17000,31261,73400,76500,58609,42000,58734,40826,40941
"30706","Rwanda","Plantains and others",NA,NA,NA,NA,NA,NA,NA,NA,NA,NA,NA,NA,NA,NA,NA,NA,NA,NA,NA,NA,NA,NA,NA,NA,NA
"30709","Rwanda","Potatoes",445000,347000,204159,114900,137700,195381,229625,181138,175889,957202,1012269,1038931,1099549,1072770,1314050,1275585,967283,1161943,1289623,1789404,2171518,2337706,2240715,1886082,1502759
"30713","Rwanda","Pumpkins, squash and gourds",82300,83200,84000,70000,77271,80000,1e+05,120000,150000,205675,210000,216626,215707,216872,218123,215000,221685,223763,225766,227718,229637,236000,230694,269951,273250
"30716","Rwanda","Pyrethrum, dried",915,779,721,668,618,573,531,493,457,420,321,289,265,244,225,207,189,172,13,7,16,184,353,494,644
"30719","Rwanda","Rapeseed",NA,NA,NA,NA,NA,NA,NA,NA,NA,NA,NA,NA,NA,NA,NA,NA,NA,NA,NA,NA,NA,NA,NA,NA,NA
"30722","Rwanda","Rice, paddy",16400,16100,13200,4500,2300,6596,9805,7935,8919,11654,15610,20976,27891,46191,62194,62932,62000,82000,81081,67253,80541,84079,93746,72723,97435
"30726","Rwanda","Seed cotton",0,0,0,0,0,0,0,0,0,0,0,0,0,0,0,0,0,0,0,0,0,0,0,0,0
"30729","Rwanda","Sorghum",205000,112600,128100,54800,77300,102076,122204,120533,107566,155106,175904,184351,171587,163772,227927,187380,164000,144000,174553,161229,151754,138695,157492,140578,133295
"30733","Rwanda","Soybeans",18000,34000,12000,7115,8155,3302,6779,9831,8898,13922,16336,17088,19869,18251,23703,27138,39819,50931,54000,57089,37426,18544,24838,17901,21739
"30737","Rwanda","Spices, nes",69,70,76,80,83,87,91,94,98,102,105,109,112,115,118,121,148,125,124,124,123,110,128,131,132
"30740","Rwanda","Sugar cane",38000,21000,50000,10000,10000,15000,20000,30000,40000,40000,40000,45000,50000,60000,58665,58011,97010,63000,100663,115304,97452,97889,99157,100160,101433
"30743","Rwanda","Sweet potatoes",1e+06,1055200,997100,739300,550500,664601,741624,751141,862562,1032916,1156359,1292361,868204,908306,885648,777034,841000,826000,803228,840072,845099,1005305,1081224,940786,931027
"30746","Rwanda","Taro (cocoyam)",66500,103300,126300,140800,44800,62384,71716,83743,90247,90945,112871,122845,138810,136359,136895,125387,123299,130428,136849,185964,187248,130505,93392,66879,82237
"30749","Rwanda","Tea",13546,13644,11181,4136,5414,9057,13239,14875,12959,14481,17815,14893,15484,14493,16458,16976,20474,19965,20535,22249,24066,22503,22185,24751,25027
"30752","Rwanda","Tobacco, unmanufactured",3500,3535,3600,3743,3767,3753,3721,3700,3730,3800,3857,3900,3872,3800,3873,4000,4295,4653,5015,5377,5404,5000,4659,5106,5134
"30755","Rwanda","Tomatoes",NA,NA,NA,NA,NA,NA,NA,NA,NA,8000,10000,15000,20000,25000,30000,35000,40000,41035,129751,135000,120650,115000,117211,119194,121016
"30758","Rwanda","Vegetables, fresh nes",50653,50953,51254,51554,51275,51249,52000,53000,54000,55000,56000,56504,57000,58370,58000,60194,59000,62766,64737,71706,67604,66000,68289,69610,70110
"30761","Rwanda","Wheat",14800,12600,4800,3200,6000,6814,5997,4140,3607,6444,8269,7434,15305,16772,21942,19549,24633,67869,72479,77193,90684,75913,70129,68411,81179
"30765","Rwanda","Yams",2000,6000,8000,4000,5434,5973,5555,5272,5000,6000,7000,8000,9000,10000,11000,12928,13700,14492,15205,20663,18725,42469,78681,54718,67285
"30771","Rwanda","Cereals,Total",340703,239705,233530,130110,142428,183452,223433,194226,179004,239705,284711,308447,297669,318944,413314,370523,356303,464918,619246,742308,852929,876038,993556,869206,686490
"30775","Rwanda","Citrus Fruit,Total",NA,NA,NA,NA,NA,NA,NA,NA,NA,500,700,900,1100,1200,2400,2800,3200,3736,13803,15000,15430,17600,18859,22293,22236
"30778","Rwanda","Coarse Grain, Total",309503,211005,215530,122410,134128,170042,207631,182151,166478,221607,260832,280037,254473,255981,329178,288042,269670,315049,465686,597862,681704,716046,829681,728072,507875
"30781","Rwanda","Fibre Crops Primary",0,0,0,0,0,0,0,0,0,0,0,0,0,0,0,0,0,0,0,0,0,0,0,0,0
"30784","Rwanda","Fruit excl Melons,Total",3153800,3611200,2202000,1549000,2064511,2169389,2314419,2703605,2989151,2320937,1887978,2898770,2536481,2612156,2749685,2824472,2871246,2816144,3330274,3058405,3331691,3546383,3609769,3273487,3286405
"30786","Rwanda","Oilcakes Equivalent",16880,29140,12520,11777,9596,5352,7274,9622,8818,13671,16567,17457,19601,18517,22563,24867,35227,44595,48494,50561,35174,19072,25099,18011,21410
"30789","Rwanda","Oilcrops Primary",5340,7920,4560,6141,3958,2760,2735,3234,3013,4616,5831,6200,6659,6521,7296,7591,10144,12609,14326,14587,11163,6829,8795,6276,7257
"30793","Rwanda","Pulses,Total",216000,191000,137500,36000,129000,178697,144393,162480,148541,230689,258450,262933,257091,214983,218502,301030,348656,329689,360332,365496,365075,459412,466114,435535,451036
"30797","Rwanda","Roots and Tubers,Total",1909500,1772500,1626559,1211000,886434,1148977,1251514,1209476,1450632,2908055,3077409,3493214,3118641,2893183,3129232,2956132,2724696,3814686,4264646,5213316,5801589,6232406,6442131,6113638,5939540
"30801","Rwanda","Vegetables Primary",132953,134153,135254,121554,128546,131249,152000,173000,204000,280675,293700,311930,330707,355442,378523,399794,427385,451412,653458,649831,629998,657042,615223,639664,627685
"30804","Rwanda","Vegetables&Melons, Total",132953,134153,135254,121554,128546,131249,152000,173000,204000,280675,293700,311930,330707,355442,378523,399794,427385,451412,653458,649831,629998,657042,615223,639664,627685
"41202","World","Agave fibres nes",78453,59083,64868,64788,56965,66320,68454,54970,51595,50163,48667,49854,50063,53302,51980,48912,48223,46865,45845,44701,43750,40965,41465,41254,41118
"41205","World","Almonds, with shell",1287291,1318065,1275181,1384324,1047566,1291755,1592703,1310873,1657157,1452206,1541902,1838698,1759969,1594306,1824621,2062052,2249520,2482699,2345314,2570069,3021249,2825751,2840508,2635528,3066032
"41208","World","Anise, badian, fennel, coriander",237945,429122,407906,299554,306828,334889,368400,436015,404373,382515,479116,494921,569659,567343,557003,586413,698248,714681,728094,827412,952224,923817,906033,985965,1074269
"41212","World","Apples",35988096,44263660,47727080,46468250,48850699,54334848,55999458,54922564,56983822,59126604,57095797,55300062,58103779,62240883,61906796,63248649,65664124,69038683,71638940,71192145,77072356,78625948,82820750,85500042,86222250
"41215","World","Apricots",2028994,2482857,2296020,2516865,2088652,2562901,2403673,2498967,2639621,2860806,2641026,2615836,2891849,2784454,3623065,3462307,3294173,3685435,3756466,3305516,3818558,3865025,4093243,3338757,3965406
"41218","World","Areca nuts",496771,506557,541176,574490,622792,635873,648081,710553,698678,727458,767094,833020,874066,916247,956764,1025100,1056485,1074442,1102135,1081604,1096126,1340932,1166166,1191745,1340205
"41221","World","Artichokes",1328705,1249424,1170531,1208127,1161948,1135798,1256375,1251118,1245875,1330885,1259614,1278769,1279946,1369493,1284033,1423445,1495682,1501570,1524843,1480371,1528753,1616180,1608858,1575700,1453696
"41224","World","Asparagus",2139630,2228701,2699471,2921786,3005942,3321793,3501518,3654811,3960908,4640843,4966961,5751717,6272063,6621157,6706203,6931543,7092984,7216179,7364484,7487774,8190220,8281961,7934250,7875979,8551670
"41227","World","Avocados",2061190,2148056,1980898,2091365,2141405,2239397,2203735,2382273,2491741,2726168,2771718,2955870,3142625,3195611,3392655,3619147,3574449,3426294,3951319,3879484,4173951,4456290,4670163,5074260,5346968
"41230","World","Bambara beans",77682,79902,87072,92775,127706,84293,56263,71086,81474,61620,73923,80720,92453,75618,97633,103047,100624,136900,135894,151785,135605,156016,157247,155421,162817
"41234","World","Bananas",51197361,55619751,56368709,58060038,58752431,58034226,62769664,64915704,69950718,67215551,70057548,72916972,74944691,79405360,83666488,88653166,94418759,98764392,103423105,108665134,109430205,107810272,110514408,111310739,115239574
"41238","World","Barley",169576979,165527881,169537557,161013838,140719168,155011848,154358297,137406074,128080281,133107721,140594348,141025111,136539386,156262167,136737092,144486118,131134438,153795026,150769722,123303344,132733302,132213548,143421287,144487586,148455619
"41242","World","Bastfibres, other",716388,760795,776856,635374,615925,646086,575745,445891,407241,400738,438395,392765,351122,340245,336719,336722,360209,344337,292121,260086,273679,260262,253350,240954,236902
"41245","World","Beans, dry",18015992,17145092,16478073,17622597,17797786,17112479,16533690,16617610,17960894,17850853,18487075,20145275,21383396,18675718,19289063,21187039,21751804,21909737,22019848,24663067,24120029,24453279,24617270,26854288,27644185
"41249","World","Beans, green",6232165,6694093,6810063,6918003,8521659,8798529,8903803,9114611,9550263,9836801,10920459,11666203,12847873,13753714,15442315,17161160,17978601,18912454,19095423,19782082,20146329,20878968,21362776,21706858,23115149
"41252","World","Berries nes",458042,509307,505110,515006,515925,497446,490949,483058,490807,524700,548821,552357,649417,639527,689388,689813,728608,811270,796522,769929,846411,866582,869086,862858,844472
"41255","World","Blueberries",125966,115696,143241,133922,152649,154089,169761,153648,200713,206416,226191,196496,211784,225730,237636,262002,261281,309630,334734,323449,363586,397793,427760,511408,522363
"41258","World","Brazil nuts, with shell",59305,49631,50787,62039,62635,46398,52486,47183,68873,81204,78907,78032,78000,82063,89404,87739,91069,93551,102626,106082,109476,108405,108600,107799,113321
"41261","World","Broad beans, horse beans, dry",3355120,2768727,3522231,3619000,3605706,3675485,3412947,3784346,3546094,3777654,4148295,4325681,4537031,4307311,4435322,4080293,3881383,4272699,4288317,4326035,4564194,4436826,4439668,4239956,4299451
"41265","World","Buckwheat",3983960,4975131,4259560,3775893,3469649,3271627,3694915,3096826,2789537,3780857,2591975,1831261,2570975,2292753,2082813,1940679,2378859,2220119,1798383,1453880,2367160,2262982,2263765,1925288,2025420
"41269","World","Cabbages and other brassicas",40231662,39223240,42252605,42411884,44937865,48180549,48902677,49772812,53104097,75127583,71339462,68403307,67892788,66441130,65160795,64353979,62397140,64985789,65588067,65622933,69887197,67745599,68733211,70997938,70459086
"41273","World","Canary seed",194317,193466,204372,300664,216382,347375,168775,307289,217034,215063,150071,225499,300208,377926,296418,193605,216576,257815,254848,211135,201924,222470,195407,224922,232195
"41277","World","Carobs",286253,285962,279970,236907,255427,268814,253499,259137,249805,249278,199871,228480,190678,206019,204516,163294,178141,212192,181921,184159,195654,170926,152863,199727,162158
"41280","World","Carrots and turnips",14682050,15248027,16152324,16626222,17447712,18936739,20022673,20035845,20839472,21953741,22235415,23088596,25214024,26223921,27650249,29052963,30512522,33879552,34549014,34956864,36565572,37291861,38033338,38699332,41173211
"41284","World","Cashew nuts, with shell",1004303,932086,1039036,1174741,1281845,1373937,1506045,1409087,1833851,2049988,2060666,2349189,2581513,2898817,3195994,3512196,3690845,4002531,4034014,4019542,4396677,4361734,4458155,4451692,5087956
"41287","World","Cashewapple",1638210,1788000,1850068,1705000,1759764,1813710,1868000,1624017,1675714,1743632,1731368,1788219,1790596,1798898,1841586,1849605,1866007,1887257,1915551,1939209,1946788,1963628,1919403,1889934,1880195
"41290","World","Cassava",160406310,162007206,163185040,164499642,161781376,158349737,161745812,162613342,168847228,175846655,181686794,182645712,192216068,203832728,206534756,223636673,226974320,231076756,235000863,240698482,253426158,261435721,261510246,274331598,276608356
"41294","World","Cassava leaves",36000,37000,38000,39000,40000,41000,42000,43000,44000,45000,46000,47000,48557,50274,52000,55581,64827,71041,77378,85000,85000,89269,81463,76703,72613
"41297","World","Castor oil seed",1177595,1143722,1090155,1230205,1085283,1257478,1202854,1190391,1136236,1389193,1115719,870623,1248634,1294796,1498158,1166607,1451860,1622641,1412644,1741152,2742188,2245950,1935477,2088344,1987515
"41301","World","Cauliflowers and broccoli",9560757,10994259,10667980,12205041,12663145,13926977,14554537,14405564,15004992,15967572,15986605,16720553,17390602,17940848,17535408,18767736,19336354,19945503,20876600,21216994,21957584,22637449,23344795,24378193,24438294
"41304","World","Cereals, nes",2299470,1747860,1777443,1813212,1819578,2260135,2547245,1911593,2337776,2299659,2488199,2342489,2856954,3064679,4068146,3328904,3799315,3808606,4396810,5624483,4869357,5476533,6150540,6538283,7109386
"41308","World","Cherries",1257224,1754438,1703972,1627153,1627020,1794813,1635985,1635868,1822748,1898868,1815745,2094538,1716275,1697511,1843811,1903591,1990852,1857095,2158370,1998731,2155134,2189287,2276634,2154755,2253941
"41311","World","Cherries, sour",849346,1187328,1218745,992391,1032474,1161073,1079244,995621,987811,1118621,1122657,972700,1133237,1239129,1154237,1142337,1191962,1221332,1339856,1130850,1252156,1161333,1386996,1331884,1329443
"41314","World","Chestnut",626746,674885,638596,692238,677627,678446,790039,833239,886726,941163,942725,1038663,1132351,1265499,1368587,1496373,1604796,1796548,1907670,2002054,2041295,2057873,2092637,2057019,2044428
"41317","World","Chick peas",8119373,6646911,6751254,7145118,9173278,8111438,8340641,8872852,9467522,8041783,6943053,8442748,7054230,8470423,8481537,8441222,9690261,8655434,10419852,10866939,11619669,11521015,13288172,13399970,11036227
"41321","World","Chicory roots",406038,448587,411834,465301,611844,798666,793615,649330,920040,1075853,859147,865822,951714,987789,903170,661797,640550,677719,776632,642868,596082,500781,474552,493070,504373
"41324","World","Chillies and peppers, dry",1779073,1963981,1926336,1819471,1904123,2193073,2056955,2252369,2368128,2463463,2471516,2354203,2720886,2741274,2729487,2853898,2979146,3069503,3050836,3089561,3187135,3375988,3582143,3710851,4010023
"41327","World","Chillies and peppers, green",10929948,11314306,12227109,12977982,14056892,16401619,17297176,18517201,19447756,20867305,21419795,22537397,24325997,24625839,25353482,26703022,27427879,28115234,28757813,29674159,30242853,30902842,31257079,32124664,33279809
"41330","World","Cinnamon (canella)",64591,67884,73639,73965,81300,85844,85462,90687,92212,101477,100213,110875,132830,172209,175613,184111,190251,192060,201033,190992,199003,204310,209103,213183,219606
"41333","World","Cloves",113603,89739,89604,102220,108388,87708,81706,92856,80436,86033,99892,107432,153070,110205,105055,88807,109283,99613,110818,127569,102591,130942,142933,163255,182358
"41336","World","Cocoa, beans",2521981,2677064,2672323,2671298,2985785,3237687,3017185,3302855,2975440,3338450,3222556,3298218,3705210,4069844,4044041,4299997,3899063,4266013,4211490,4329173,4614955,4613604,4485377,4459465,4404327
"41339","World","Coconuts",43997461,45733623,47116982,48615967,50407356,49443218,50144984,49008054,49343434,51225627,51972309,53567322,54282320,54959741,57425406,57926271,61918578,60356136,61264848,60103624,58443814,61875921,62069399,60977226,59242106
"41343","World","Coffee, green",6063320,6086346,5554941,5722718,5529300,6197674,6073393,6632664,6790996,7502050,7379798,7930005,7038780,7862148,7390103,8147325,8137938,8489936,7794226,8478007,8387743,8823713,8893329,8787668,8887674
"41345","World","Coir",577310,628241,654405,728200,1011190,1042990,983610,931120,970990,945090,915590,904080,1006350,953210,994550,1023660,1082660,1055914,1114845,1112020,1086640,1132625,1206111,1180478,1207277
"41348","World","Cow peas, dry",2509454,2645211,2544508,2725386,2743883,3011916,2953215,3784626,3666798,3298692,3848774,4257913,4385206,4154661,4770830,5202569,5331838,6160259,4827191,6835457,4745890,8357941,8281648,5599511,5800105
"41352","World","Cranberries",235283,230337,222022,261605,245561,257283,307404,307552,351056,321898,304231,333988,370963,373442,377344,426211,410644,486426,466932,466019,534928,594539,628363,638540,655279
"41355","World","Cucumbers and gherkins",17729742,18149074,20251205,21665758,23540142,25635007,27458835,28698459,30838621,37918208,39403250,42636393,43349512,43038135,45911295,49613008,54013517,58368170,60578302,62415690,67772544,70694189,73195785,76220322,78903368
"41358","World","Currants",478673,693952,691580,646072,632521,672699,613161,635624,636449,692404,736040,731296,774932,780618,764970,776463,715564,675381,689557,637282,638118,643101,685109,624567,619562
"41361","World","Dates",3708069,3656270,4386293,4569532,4850461,5018416,5088710,5733024,5948386,6440583,6659971,6720722,6748537,6626357,6552820,6770193,6963171,7018737,7183101,7525890,7262843,7430261,7517294,7600312,8139037
"41365","World","Eggplants (aubergines)",11995266,11853186,15267945,15869176,18358235,20208639,20921723,23442829,26804263,27642563,27271696,29672441,29706626,30996539,32082601,33040401,37632732,39811457,43477117,44073890,45005712,46951760,48880838,49976051,50577940
"41368","World","Fibre crops nes",227261,250048,232865,247053,271337,281151,306262,298353,296280,271367,279747,280690,288596,281944,285686,316794,297743,272257,263220,276134,281306,284142,285396,284353,281555
"41371","World","Figs",1015546,1077047,1043820,1062732,1116726,1056224,1039923,1061045,1102006,997035,927516,1027617,993139,1015442,1090843,1182027,1022212,1055261,1142155,1064832,1065309,1056036,1130940,1145611,1159215
"41374","World","Flax fibre and tow",980723,744931,693577,842507,1004891,817955,675782,641944,766999,823611,840860,1208498,1222256,1460065,1508745,1108748,908036,977770,661278,604291,486750,715774,678232,742083,750338
"41377","World","Fonio",185582,164514,206916,192264,213958,218267,223016,236238,258138,309958,312664,318391,328270,338413,371086,366858,372624,483327,505183,559794,581570,575552,610165,620071,619624
"41381","World","Fruit, citrus nes",4689960,4932518,5352251,5161224,5286284,5516973,6018340,6199220,7283547,7197490,7465167,7345277,7395608,7677563,7761052,7729063,10974683,10873375,12245126,12465575,11349975,12870381,15813981,12977457,13290150
"41384","World","Fruit, fresh nes",13914549,16428251,16598988,17181104,18151680,19211052,20118342,23089438,22481928,22179103,23156289,23693965,24337234,23413565,24986696,26085365,25876853,27283119,27924522,28282688,29331448,30532406,31536972,32478268,32831327
"41387","World","Fruit, pome nes",NA,NA,NA,NA,NA,NA,NA,NA,NA,39500,40000,42000,43100,43000,47900,69532,70300,75220,81400,91200,39910,44600,45760,50750,56950
"41390","World","Fruit, stone nes",448270,479676,537218,499959,573922,662984,586342,651038,799934,851549,880388,904111,1046994,1048226,1446841,1613630,1285948,1490002,1593312,1699108,1972217,2028000,2237929,796333,781162
"41393","World","Fruit, tropical fresh nes",11897685,11684201,11808186,12621502,13727072,15046584,12697932,12405166,12730482,14627038,15118087,16467046,17531748,18633081,18327434,18356829,19021475,19112910,20223490,20215994,20843720,22546163,23243400,23754070,23837838
"41396","World","Garlic",7141928,7419555,7491566,7681018,8447788,8963702,8928948,9123648,9679294,11067076,11457472,12548725,13672615,14453207,15050037,15317522,20110762,22778254,22074031,22578634,23087524,23408086,24249960,25017597,26783467
"41400","World","Ginger",611610,657693,673528,688318,764092,859032,908225,993030,1037127,1046581,1141127,1215600,1274952,1256712,1393698,1499441,1609214,1624461,1670294,1718410,2364813,2460918,2445146,2648506,2873722
"41403","World","Gooseberries",193721,186677,191029,179252,183468,182410,167491,174635,183243,192344,192518,165218,172184,182959,181755,180313,179175,165990,168385,158565,165625,164672,167509,170892,164031
"41406","World","Grain, mixed",5434287,4101718,4697872,4417137,5229339,5057552,5654638,5627780,5151267,4299794,5173412,4930542,4748082,5482714,4938049,4423781,5156251,4518230,4791379,4174020,4215742,4774576,3831830,3748100,2950991
"41410","World","Grapefruit (inc. pomelos)",4374398,4355334,4970306,4844579,5295332,5306893,5549118,5218314,5268637,5775136,5464059,5387896,5307530,5423421,4556468,4948551,7138247,7496269,7528083,7577561,7926287,8240840,8491232,8686264,8835434
"41413","World","Grapes",56074032,60273489,55291248,54083603,55381783,58634955,57961343,56433145,60476300,63552694,60861975,61164941,63051217,67212031,66975700,66982521,66439393,66755510,67975343,67125509,69534935,68867023,76587641,74079101,76835719
"41416","World","Groundnuts, with shell",23615527,24501227,26057361,28753955,28685230,31089268,29331016,33824514,31927954,34789322,35815936,32932144,36238716,36413630,38560111,33413911,37509828,38756320,37354913,43450744,40864277,42020180,46418008,45470373,45077086
"41418","World","Gums, natural",22333,23539,29007,32184,18884,20270,22964,17387,21102,22104,23091,19920,27536,27809,25305,24700,28264,29672,32354,32652,38803,48204,51957,74285,64913
"41421","World","Hazelnuts, with shell",521109,741600,498200,717374,678277,648643,631933,801996,780713,675815,878318,835577,688114,616105,759019,961668,811773,1068329,773097,854593,744725,923994,869072,707894,932718
"41424","World","Hemp tow waste",66291,76354,63817,51226,56843,65987,73666,79646,71041,58319,56178,79744,69776,74497,80141,114759,77126,60461,48337,47339,52647,56060,60238,78041,78820
"41427","World","Hempseed",56012,59483,76043,74900,70577,70990,108653,87705,99698,87224,72475,89825,102327,86796,113683,105178,121341,100024,104721,69999,68213,112226,88278,98785,74992
"41431","World","Hops",125829,117979,148751,127685,138293,141987,132389,118205,119557,121349,125920,125643,113953,119121,118914,111628,126341,142043,141629,126178,127671,111715,117252,132405,131872
"41434","World","Jojoba seed",139,336,223,212,6,351,399,217,248,200,96,62,279,279,93,63,93,139,149,154,152,151,149,147,146
"41437","World","Jute",2946808,2815736,2685018,2698778,2416455,2987747,3203682,2636443,2594927,2664808,2932827,2863489,2799646,2564162,2764729,2870635,2823402,2690094,3040949,2825027,3579263,3453579,3418329,3394779,3256041
"41438","World","Kapok fibre",100728,106264,107711,107876,116706,123590,124600,123000,124500,130256,130099,126306,135287,107495,100320,100466,88241,87034,88540,84100,103100,103100,101300,96000,93612
"41441","World","Kapok fruit",305200,322030,326400,326940,353700,374510,377570,372770,377320,420380,419993,407087,437250,344600,321550,323420,283467,282780,287000,268943,324610,319070,309315,301272,290514
"41442","World","Kapokseed in shell",248978,262576,266275,266793,288545,305581,307970,303875,307652,342566,342213,331859,356146,281331,262545,263747,231285,230730,234138,220087,271283,271283,266438,269000,NA
"41445","World","Karite nuts (sheanuts)",639799,641182,637155,667480,718478,673154,692687,687209,686523,700783,696788,692048,735782,735292,679309,636826,777436,731537,654150,654349,685292,717383,699992,554702,558989
"41448","World","Kiwi fruit",785430,988369,903988,947490,915856,976191,902180,913542,944589,1888167,1981997,2037572,2019319,2301792,2339747,2511732,2549638,2747726,2792982,2843862,2909357,3053731,3464394,3838207,4150863
"41451","World","Kola nuts",266784,242006,255285,214296,198037,195475,213808,228445,217640,218006,219004,220434,206137,217031,223148,213292,231346,253162,296040,280315,278240,275897,269227,298434,292632
"41454","World","Leeks, other alliaceous vegetables",1481176,1539367,1648158,1670985,1698265,1651999,1601249,1581328,1704493,1633922,1563410,1587553,1701158,1863945,2006076,2099094,2028879,2082290,2093459,2099604,2133680,2189701,2193200,2215409,2094634
"41457","World","Lemons and limes",7638514,7713708,8097397,8071042,8186779,8705636,9178076,9236266,9981386,10829257,11529673,11938603,12375761,12274673,12330662,13484535,16065344,16836140,16415951,14708640,15048076,15008334,15421905,15871808,16988425
"41460","World","Lentils",2658011,2586042,2782480,2806874,2862367,2765515,2763352,2798301,2937264,3382996,3137164,2984155,2994046,3655107,3910765,3612938,3213302,2832140,3861264,4724483,4453542,4491056,5192561,4701543,5484854
"41464","World","Lettuce and chicory",11942766,12702409,13254032,14263744,14331027,15337120,16404229,16149856,17192281,18398731,18837720,20282103,21468098,22535239,22589781,23616147,23757963,23844657,24199545,24688599,25110989,25734696,24634317,25100084,26088462
"41467","World","Linseed",2671499,2222185,2156610,2437883,2472399,2423571,2244753,2703753,2685822,1986940,1830355,1870800,2009329,1846978,2699158,2513487,1658163,1988492,2157621,1812423,2134648,2024669,2273440,2654232,3110775
"41471","World","Lupins",1269194,1348922,1609994,1212487,1704177,1656886,1694048,1848971,2103228,1233872,1245617,1392501,998587,1509043,1304038,1600102,778050,964436,1009225,1264793,1147081,1324254,816901,1070711,1244079
"41475","World","Maize",494393020,533774898,477207493,568650520,517286851,586134845,584401847,615072804,607426254,592030667,615143531,603544019,645048171,729511789,714185792,707932497,793055503,829236755,820069886,851348928,886007062,874240510,1015400446,1038330655,1010609468
"41479","World","Maize, green",7767040,7550511,7280585,8648644,8333921,8441529,8602899,8921515,8967953,9651153,10119053,10173351,10518242,10491270,10505639,10535280,10641723,10976699,11113522,10503560,10698774,10878503,10990360,11925389,12027859
"41483","World","Mangoes, mangosteens, guavas",17891776,18470701,19955795,21874265,23009153,22715854,23929824,22894457,23757986,24927642,25101822,26407631,29957062,29854885,31897894,34135354,35311277,36182541,35407375,37539772,40083200,42418914,44510869,45855908,46333037
"41486","World","Manila fibre (abaca)",82569,85398,81829,84272,85101,94510,92722,97471,99855,95655,100048,91197,99922,107279,105311,99927,100502,102396,100067,101610,104647,104761,102039,105889,107343
"41489","World","Mat",389745,381468,512810,526152,571796,549077,654801,777673,846638,872266,1024875,935115,875744,731926,768911,800563,815974,749248,748351,766518,774524,821534,842650,931825,881581
"41492","World","Melons, other (inc.cantaloupes)",14092013,14815060,15555602,15950740,16238771,17977585,16850528,18026430,18823228,19844385,24369447,25832801,25154698,25688049,27457196,28440880,29288627,30726751,27231563,32292628,32350410,28628373,29723606,30146285,29974647
"41496","World","Melonseed",546908,566060,490473,469867,546424,570773,524003,603744,530327,595614,608533,638521,677340,698143,730481,729404,777205,738471,665681,772187,830331,880104,870179,909347,913279
"41500","World","Millet",25041572,29936291,26515642,28050180,25819622,28595613,27459403,29080187,27321979,27673741,28906696,23958776,34823880,29641365,31004888,32000224,33669294,34401318,25915085,32805831,27058875,26649147,26413944,28442614,28624098
"41504","World","Mushrooms and truffles",2207269,2415257,2469250,2680221,2776225,2955838,3132667,3604307,3940057,4189812,4504708,4702113,4895671,5261970,5270202,5512046,5914400,6901908,7201974,7422787,8435395,9646813,9813898,10408485,10911329
"41507","World","Mustard seed",377397,380922,483515,552353,487522,476431,535669,552939,635032,503694,398454,522481,704613,796616,572578,464545,417200,544150,704080,623527,589032,474129,524925,681811,533819
"41511","World","Nutmeg, mace and cardamoms",54527,56670,62862,63385,63895,70180,70343,63696,55838,67300,71548,78558,84133,76845,79965,86061,80455,89080,70819,66669,73974,91402,96243,107091,107176
"41514","World","Nuts, nes",472993,428394,540292,488575,538436,540721,571681,535961,647948,608601,704122,632144,720401,708777,723394,722351,824518,804964,834728,826771,845615,867286,877768,888922,921771
"41518","World","Oats",33493667,34577088,35862422,33858880,28829910,31153520,32193956,26268522,24343797,26139923,26960107,25908374,25483544,26782060,23260833,23551008,24972804,26134366,23275800,19703339,22607484,21216193,23797171,22828921,22396331
"41522","World","Oil, palm fruit",63309789,67369074,79168254,81729104,88598733,93570455,99425843,99120090,114629058,120703115,129154833,135824239,150608938,163720777,182229426,196209270,193360849,213153405,216148207,223437286,244090399,256256718,264745322,286904793,299899038
"41526","World","Oilseeds nes",1488510,1509106,1507491,1687508,1703136,1687996,1839492,1736475,1868564,1918393,2130312,2106445,2094304,2250150,2350737,2512979,2465467,2649901,2833517,2850441,3330732,3624339,3728159,4070077,4339974
"41530","World","Okra",3840575,3999850,4042026,4747363,5698024,5648045,5535082,5073750,5341368,5421051,5410558,5442173,5720218,5923359,5787640,6338276,6700375,6618993,7077791,7426293,7994721,9694402,9627429,9787749,9091920
"41534","World","Olives",12811893,10926590,10929158,11473079,10210858,15457156,15101138,14844705,14083777,15654214,15334342,15965255,18463962,18051284,15965163,18712972,16979434,17781851,19022164,20418234,21228393,17683520,22025129,16208881,19340999
"41537","World","Onions, dry",31445291,33490498,34258562,35887922,39432873,40695848,40583644,45305370,48562690,49814864,51722101,52461256,56097718,62203275,65537577,67954198,73596756,74862850,74308631,79075029,85169748,82492053,84577917,89216889,91170161
"41541","World","Onions, shallots, green",2961910,2977406,3381645,3653859,3680091,3696828,3786948,3725913,4034988,4104956,4463599,4616733,4598898,4899994,4706337,5091962,5048697,5215339,5173607,5086320,5270173,5501006,5653709,5336413,5418704
"41545","World","Oranges",52003473,54076705,55461929,54816125,58466680,60769923,65643046,61667926,61743314,63849044,60146102,62083438,59871745,64939021,63152903,65409732,65264153,69338257,68451279,70555991,72388652,70352735,73112597,72357244,72794288
"41548","World","Papayas",3994695,4313406,5015855,5475159,5691464,5440368,6434852,6682811,6898873,7211699,8598553,8478136,8214308,8705306,8256032,9118717,9632566,10073788,10590738,10784883,11296221,12013955,12358964,12698728,12077444
"41551","World","Peaches and nectarines",9465071,10909633,10872865,11625817,10922738,11735424,11143873,11477917,13309929,13278259,13914657,14809988,15438668,16693820,18026274,18378439,19509076,19714894,20433574,20540957,21282597,21279132,21851523,22950087,24379827
"41554","World","Pears",9049246,10395151,10488140,11318671,12481182,13463077,14093000,14856342,15392603,16270678,16404271,16902491,17569952,18434334,19367777,19939875,20945371,21126864,22455813,22558042,24060201,24301149,25313039,26002517,26763031
"41557","World","Peas, dry",12342452,13411894,14815058,14323150,11470157,10850755,12152880,12389764,10953609,10712081,10352939,9616606,9887031,11743962,11279376,9775404,9105834,9726004,10380632,10328417,10266570,10549708,11219365,11661582,12043280
"41561","World","Peas, green",7483941,7873366,7725915,8840205,9357579,9172625,10003890,10737530,11402667,12186567,12408085,11780637,12394331,12650735,13157971,14099001,14679292,14925439,15746782,15985048,16970199,17065688,17429432,17457136,19435526
"41564","World","Pepper (piper spp.)",284301,242505,243541,224650,238481,240517,237364,258875,305017,315091,359455,399029,421861,427070,446847,467268,461797,446014,457943,418426,419468,414382,434960,460155,508660
"41567","World","Peppermint",22864,31360,39983,57659,57682,60832,56760,65412,88307,43135,60791,60876,118257,76874,69780,92513,73660,72021,59445,80767,62931,106385,95164,92731,107594
"41570","World","Persimmons",1144739,1385214,1333867,1481715,1615725,1693119,1830755,2073823,2285503,2431107,2505054,2726298,2783882,2950130,3324283,3406425,3736802,3985828,4092715,4078892,4485019,4823046,4907270,5217695,5262575
"41573","World","Pigeon peas",2787597,2570766,2786131,3150244,2604036,2809392,3151552,2343974,3274166,3405737,3114606,3148109,3144086,3359683,3395941,3932334,3601576,4301198,3518454,3890137,4166945,3972237,4466653,4755080,4406649
"41577","World","Pineapples",11623562,12307118,13116193,12947950,13066917,12867970,13293276,13202075,14893982,15106019,15639849,15782956,16122804,16740328,17781383,19829758,20087356,19745722,20403894,21472968,22942450,24120521,24683553,25425281,25866692
"41580","World","Pistachios",333219,351394,400873,348410,397967,439117,345407,517168,306069,552569,298326,520954,475219,444989,517892,667169,751911,527579,555539,718573,624436,759767,679556,884654,1023865
"41583","World","Plantains and others",27288532,27461305,28389949,29251669,29386315,30212820,30390046,30365929,29851250,31133732,32576683,32652385,32949499,33234993,33821308,34458095,35537357,30483608,30835823,31749571,32189827,33295121,33705420,35068687,35713826
"41586","World","Plums and sloes",5907078,6003768,6202014,6319838,6191588,7850525,7781711,7405120,8060879,8411169,8507519,8404492,9800112,9502828,9830037,10524890,9559781,10167761,10782348,10712515,11053832,10873542,11325235,11441155,11630094
"41589","World","Poppy seed",46725,29489,24585,52228,74856,31394,44636,73140,84853,45934,59508,53600,90521,69660,78521,86480,67448,89455,100136,97175,107185,49983,69837,83259,101306
"41593","World","Potatoes",256990489,278978102,304620094,270202139,285332356,310493373,301077285,297833504,296077179,322776909,305494691,309805345,307594346,328181112,317670677,297111360,314208463,329400666,334135620,332513046,374484314,369073364,374721105,380967206,376811720
"41597","World","Pulses, nes",4092166,2832053,3416127,3475072,3646734,3213011,3387309,3243074,3202540,3271357,3761079,3785075,3496885,3413209,3165512,3224532,3219520,3242129,3346859,3595071,3640423,4217669,4562293,4713678,4468558
"41601","World","Pumpkins, squash and gourds",10608339,11450186,13000011,13117608,13896249,14879661,15340903,15678711,15845599,17274902,17784405,19061609,20154740,20561670,20196330,20631523,21347452,21647077,22307871,22763108,23661986,23917255,24522500,25107419,25256633
"41604","World","Pyrethrum, dried",17281,20129,19556,17633,14188,11293,9351,10333,13667,11718,11826,12499,11175,10859,11140,12927,4509,5153,4300,5468,7459,8195,8738,9821,8946
"41608","World","Quinces",300338,336290,344911,350472,331713,365914,365755,395293,412824,427348,434306,442535,459108,430633,472325,466972,489884,480634,512592,537350,572467,602948,676754,660233,694547
"41611","World","Quinoa",38367,22820,36779,36456,32995,40123,50358,49400,51849,52626,45886,54846,55540,52326,58443,57962,59115,57777,74353,80069,84644,97862,118175,186147,193822
"41615","World","Ramie",69406,70218,76197,121895,152002,146650,141624,125374,122501,163529,199541,241680,248328,258086,280189,290619,294479,253768,214545,192526,161770,133289,122758,118570,111183
"41618","World","Rapeseed",27853679,26742428,26224451,29724771,34131244,30422865,34952542,35680014,43143872,39552373,35975581,35313471,35875531,46441647,49889642,48661360,50573117,56873210,62209010,59850184,62789690,62721024,73097419,74461973,71171010
"41622","World","Raspberries",283713,333460,326810,333131,339845,343925,345188,377320,416978,422767,449006,490578,463443,533086,535312,534077,517065,523797,554092,521694,597424,566558,584524,624166,643052
"41625","World","Rice, paddy",518515198,527880217,529599457,538592267,547161910,568659290,577136813,578813849,611177382,598668913,600246854,571051413,586931536,607348747,634225704,640705682,656556275,687050572,685656732,701108595,726375708,736261173,741986874,742425600,740084696
"41629","World","Roots and tubers, nes",5063729,5373169,5701352,6099216,6363029,6489592,6669903,6906543,7102184,7308555,7581572,7808959,8072576,8372953,8617885,8898114,9029962,8992760,8975526,8950085,9400643,9798676,9809301,9980906,10286708
"41633","World","Rubber, natural",5182161,5418239,5605708,5821013,6078169,6346189,6513276,6568697,6733474,7095374,7483609,7719387,8410504,9260847,9522147,10372403,10603158,10749490,10269948,10838844,11593272,12663007,13005417,13257891,13205384
"41636","World","Rye",29020285,30490821,27468553,22878286,23208815,23068701,25318421,21117905,20208685,20121357,23339173,20925854,14605531,17687596,15159241,12650622,15173935,18083503,18218910,11936752,13105737,14496501,16660623,15249323,12995806
"41640","World","Safflower seed",608086,551032,782409,865558,848362,852963,872524,606742,834574,624738,558950,525736,681807,635880,582956,539739,631696,638220,664005,664656,678177,843899,721525,729467,824602
"41644","World","Seed cotton",60315419,52652572,47846737,53002262,56800413,55421857,54809942,52403764,53176645,52977850,60201504,53888313,55677104,70740263,69632449,71299215,73582029,66283345,61836649,69221444,79513641,79283172,73054159,76662938,66775889
"41648","World","Sesame seed",2186286,2526288,2266884,2328196,2521241,2824269,2490042,2426605,2642910,2858417,3056671,2808838,3092476,3356947,3398409,3596813,3627068,3725531,3865092,4321616,4712193,5406592,6005553,6529085,6172368
"41652","World","Sisal",425643,389238,313197,324994,318974,292184,335675,279429,347780,407498,299522,284339,313444,325209,334226,375483,379445,394391,415741,389878,408518,228795,266947,254377,304258
"41655","World","Sorghum",55571944,70545568,56950671,60019785,54724523,71409119,59849934,61400356,60044814,55820990,59789831,53442836,58852775,58090382,59557656,57702254,62756591,66351870,56700851,60123538,56651554,57183553,61752570,68237439,65924626
"41659","World","Soybeans",102849072,113989333,115245015,136356715,126923558,130193213,144326230,160128838,157815456,161308456,177020696,180950793,190573602,205548177,214542816,221558978,219793049,231148449,223267546,264942943,261436988,241185392,277537300,306373463,323204743
"41663","World","Spices, nes",754269,824420,1156991,1071854,923183,1062986,1070421,1172672,1197183,1258636,1203608,1110014,1318421,1369364,1548264,1530366,1671630,1665389,1681811,2103629,2427596,2269144,2339135,2333031,2141470
"41667","World","Spinach",4354236,4441661,5131291,5985882,6202092,7145157,7299660,7411078,7642652,9523582,10153489,11442118,12541802,13355121,14199557,14955710,16128482,18865343,19789848,20335174,21184463,22141613,23274869,24307535,25764880
"41670","World","Strawberries",2400679,2419127,3193788,3392771,3583707,3595683,3671592,3872922,4294230,4468646,4467723,4615587,5042440,5493498,5731209,5805915,5838607,5994328,6593537,6567872,6726355,7382136,7877787,8149667,8743917
"41673","World","String beans",1399163,1469747,1483357,1647886,1616536,1707351,1678672,1684919,1782299,1906279,1812215,1908106,1960932,2075177,2075745,2168567,2041381,2087478,2114890,2065762,1925255,1924242,1848353,1861907,1855197
"41676","World","Sugar beet",285129009,281711742,282190566,254453778,264504932,264461322,267970311,263030081,260565507,250148599,230315030,259607018,232734275,251589379,253737449,253949575,246894685,221119239,227925780,228306986,278726573,269539263,247680490,270252518,244731824
"41679","World","Sugar cane",1086955621,1107581109,1020881319,1084097363,1163366854,1218890120,1246425302,1263674255,1282128487,1252668869,1257665371,1326773973,1371880997,1333138427,1306307695,1417376025,1605136205,1721251533,1677610603,1683040035,1794327152,1830940831,1901685780,1884729412,1886875329
"41683","World","Sugar crops, nes",746050,747580,759470,772000,771000,714762,735125,768994,803000,758000,781000,784400,879300,873800,918700,970500,907720,877466,899866,900133,944160,929269,946149,989550,952734
"41686","World","Sunflower seed",22976150,22084363,20204564,22021122,26402720,24951953,23441630,25186971,29276882,26549550,20577730,24575058,27606336,26141787,30776502,31798158,26491015,36295872,32832614,31453155,40135571,36607614,45295576,42584137,44369319
"41690","World","Sweet potatoes",123695347,123235349,131539781,125483486,135995270,141999140,121314197,134820581,147211692,139705138,136123436,136725258,130916594,130798687,127853291,106705955,101277380,103260312,103138058,102433607,105401235,101813946,103399006,104574239,103880917
"41694","World","Tallowtree seed",775000,770000,780000,795000,780000,785000,790000,8e+05,810281,820000,835000,850000,865000,870000,890000,9e+05,920000,950000,965000,957271,950000,985000,995000,992000,998157
"41697","World","Tangerines, mandarins, clementines, satsumas",13687269,14047621,14519269,15063368,16145008,15863954,19091246,17656178,20101579,18371453,20927474,21275195,21980918,23468262,24001638,25948160,20430235,21371050,22353159,23955498,27307216,27769342,28842707,30551955,32968646
"41700","World","Taro (cocoyam)",5539485,5556181,6037884,5971654,6237466,6504203,7205520,9297408,9701614,9764987,9952863,10529540,10805666,10987448,11516053,11911042,11629940,12144476,9622187,9465410,9548644,9865741,9642307,10131744,10134023
"41704","World","Tea",2700041,2747607,2880565,2887670,2862765,2957700,3063487,3259671,3355901,3231081,3358453,3417525,3485118,3620929,3873995,3851685,4172945,4266646,4311888,4622149,4839876,5042073,5329138,5512282,5661855
"41707","World","Tobacco, unmanufactured",7555149,8326998,8339125,6450658,6269768,7392959,8943814,6878953,6970729,6686406,6105354,6409541,5998488,6558256,6721309,6542339,6165658,6646852,7138407,6942801,7480249,7591235,7615414,7285720,6985341
"41710","World","Tomatoes",75886851,73722472,77056031,82447988,86485979,92680709,89241314,95084458,108942713,109260326,106719379,115763266,118207723,127029246,128331546,130451057,137155366,141595035,155245862,153240438,159440489,163355685,164972148,172499120,174122499
"41713","World","Triticale",4742970,4411529,4977831,4759585,6193433,7448345,7933758,8775242,8311408,9111497,10825346,11962946,10518879,14240277,13312756,11703774,12123313,14240145,15664683,13740395,13556983,13651756,14463671,16953509,16340145
"41717","World","Tung nuts",444638,521900,520443,490566,459562,462524,531264,493156,505369,499724,469082,430175,414753,439597,429851,446936,421301,430781,428694,495862,500607,491479,483008,480879,477455
"41720","World","Vanilla",3203,3584,4235,3570,3890,4116,4007,4574,4341,3987,4738,5310,4828,5840,7500,9060,9347,9321,9211,8282,8629,8079,7627,7166,7268
"41723","World","Vegetables, fresh nes",135068209,144910859,155435213,161088276,165884323,171931203,175538076,178531282,188062708,211597074,227164657,226686848,237157678,224326795,231747450,241928357,244642917,249351806,248542218,259721091,260792753,271900678,277946312,284826209,287883795
"41727","World","Vegetables, leguminous nes",971632,1018745,949949,951442,962854,1023352,1023895,1063126,1132569,1072463,1118826,1159420,1442772,1595763,1484443,1523456,1479838,1586623,1785243,1734591,1636148,1577221,1675152,1616280,1588165
"41730","World","Vetches",1257176,1185964,1069692,1061006,1021271,1281813,1346668,949289,901667,1040752,1115860,1112802,1260026,1277660,1083284,1239062,981554,980734,833934,746025,940049,945145,932990,922835,982809
"41734","World","Walnuts, with shell",919163,928410,1095405,1044211,1057919,1078772,1124462,1180037,1243562,1271751,1313923,1402300,1579057,1557863,1804165,1854599,1983722,2242179,2475300,2767609,3198938,3660147,3007937,3385873,3589651
"41737","World","Watermelons",35060182,36291944,38244617,38392833,41622510,47648805,59830269,61285563,73251687,76695376,83465096,90459264,88567212,88209608,91168904,94411222,93998188,94579114,98584956,101210728,102402246,105257242,108078173,111507074,113708019
"41741","World","Wheat",547820746,565111965,564739850,525435518,544357722,578616482,614651068,596175828,584763307,584999207,588243714,591981120,550053296,634873110,626943103,614538247,606681080,681015069,684192213,640327135,697697675,672724051,710956882,733534429,736984917
"41745","World","Yams",27231042,30000206,32290197,33145326,33268640,34134429,35547393,37101513,39010769,39643691,40084374,42590710,44271700,46955776,49157422,52351044,47162821,52869461,47737133,56740979,53122678,53934958,57957801,67971793,68434106
"41749","World","Yautia (cocoyam)",194109,177573,196893,277012,301907,287858,290143,289610,365336,378062,377772,425802,511808,551895,489321,454267,478304,509735,480916,389299,394203,447515,480799,546286,517426
"41756","World","Cereals,Total",1890312366,1973461767,1904042419,1953794484,1899283855,2061292843,2095642443,2085339894,2082483509,2058631973,2104811806,2053503477,2073717026,2286046303,2266202021,2255582216,2348105972,2521654497,2492284837,2466501240,2588114778,2562046409,2768023350,2823732885,2795547146
"41760","World","Citrus Fruit,Total",82393614,85125886,88401151,87956337,93380083,96163379,105479825,99977904,104378463,106022381,105532476,108030409,106931562,113782940,111802723,117520042,119872661,125915092,126993599,129263266,134020206,134241631,141682421,140444729,144876944
"41763","World","Coarse Grain, Total",823976422,880469585,809703111,889766699,807764223,914017072,903854562,910350217,886542819,874963853,916321239,890470944,936732195,1043824446,1005033214,1000338286,1084868617,1153588856,1122435892,1125065510,1164041394,1153061185,1315079595,1347772857,1318477533
"41766","World","Fibre Crops Primary",5694257,5358071,5095937,5178778,5095213,5522178,5598210,4782536,4882734,5074414,5334383,5626596,5587446,5578507,5853839,5669328,5382710,5235657,5176813,4830342,5499452,5382921,5330828,5359720,5263428
"41770","World","Fruit excl Melons,Total",356384985,385314384,393389523,398727545,412955926,431028171,447116491,444856976,467101375,479564404,483201676,492653492,507597137,531420414,542498783,564067286,578740533,592474721,609394062,619827336,644863010,654386268,685853979,691889867,709982741
"41773","World","Jute & Jute-like Fibres",3663196,3576531,3461874,3334152,3032379,3633833,3779427,3082335,3002169,3065546,3371222,3256254,3150768,2904407,3101448,3207357,3183612,3034431,3333069,3085112,3852942,3713841,3671679,3635733,3492943
"41775","World","Oilcakes Equivalent",126049442,134119964,134614932,155801479,153315195,153939748,166359433,181801146,186020990,186100285,194041906,197617239,208784536,226494653,239348315,242708975,241335851,259464004,254715183,287810995,290508295,274050610,315226099,337945664,350052245
"41778","World","Oilcrops Primary",58035551,59307553,59156901,66457587,68220917,68715533,71711702,76728460,80338770,79794150,79078015,80492873,85807577,92077258,97744341,97964396,97426829,106553791,105840553,114073663,118167989,113244695,129814403,133267617,136153913
"41782","World","Pulses,Total",56484216,53221485,55862619,57233709,56757101,54572984,55792565,56703894,58095256,56077397,56228385,59291585,59232975,60642394,61213300,62398541,61655746,63181670,64641471,71392208,69799997,74425146,77974767,78074576,77573013
"41786","World","Roots and Tubers,Total",579120510,605327785,643571240,605678476,629280045,658258332,633850254,648862502,668316001,695423997,681301502,690531326,694388758,729680600,721839405,701068454,710761190,738254165,739090303,751190908,805777876,806369921,817520565,848503772,846673257
"41790","World","Treenuts,Total",5224129,5424464,5538371,5911912,5742271,6097790,6614756,6635545,7424899,7633297,7818888,8695557,9014623,9168419,10283075,11364146,12008154,13018381,13028288,13865293,14982410,15564957,14934233,15119381,16779742
"41794","World","Vegetables Primary",468578446,485080205,515945042,540499592,570398648,608144007,628244192,651925032,707149492,778973020,807923476,837710453,864582495,874185472,898450812,932177138,966513335,1001452606,1026480833,1055025152,1089646719,1112403337,1135643731,1171968720,1195200731
"41798","World","Vegetables&Melons, Total",468578446,485080205,515945042,540499592,570398648,608144007,628244192,651925032,707149492,778973020,807923476,837710453,864582495,874185472,898450812,932177138,966513335,1001452606,1026480833,1055025152,1089646719,1112403337,1135643731,1171968720,1195200731
